Restaurant,Burrito Name,Type,Zip Code,Neighborhood,Address,Full Address,URL,Yelp,Google,Cost,Hunger,Tortilla,Temp,Meat,Fillings,Meat:filling,Uniformity,Salsa,Synergy,Wrap,overall,Reviewer,Notes,lat,lng
Albertacos,California ,California,42529,San Marcos,500 W San Marcos Blvd # 103,"500 W San Marcos Blvd # 103, San Marcos CA",https://www.yelp.com/biz/albertacos-san-marcos,3.5,3.9,6.49,3,3,5,3,3.5,4,4,4,4,4,3.8,Scott,good fries: 4/5,33.1395266,-117.1721626
Albertacos,Carne asada,Carne Asada / Beef,42529,San Marcos,500 W San Marcos Blvd # 103,"500 W San Marcos Blvd # 103, San Marcos CA",https://www.yelp.com/biz/albertacos-san-marcos,3.5,3.9,5.45,3.5,2,3.5,2.5,2.5,2,4,3.5,2.5,5,3,Scott,Fries: 3/5; too little meat,33.1395266,-117.1721626
Alberto's,Carne Asada,Carne Asada / Beef,42495,Escondido,623 N Escondido Blvd,"623 N Escondido Blvd, Escondido CA",,,,4.85,1.5,3,2,2.5,3,4.5,4,3,3,5,3,Emily,,33.1265153,-117.0887398
Burrito Factory,Steak everything ,Carne Asada / Beef,42929,Austin,2025 Guadalupe St,"2025 Guadalupe St, Austin CA",https://www.yelp.com/biz/burrito-factory-austin,4.5,4.8,6.59,4,4,5,4,3.5,4.5,5,2.5,4.5,4,4.2,Scott,,30.2833507,-97.7415642
Burros and Fries,California,California,42594,Clairemont,4705 Clairemont Dr,"4705 Clairemont Dr, Clairemont CA",http://www.burrosandfries.com/,3.5,4.1,6.99,4,3,4,5,3.5,2.5,2.5,2.5,4,1,3.2,Emily,,32.8297288,-117.2050566
Burros and Fries,Carne asada,Carne Asada / Beef,42594,Clairemont,4705 Clairemont Dr,"4705 Clairemont Dr, Clairemont CA",http://www.burrosandfries.com/,3.5,4.1,7.19,1.5,2,3,3,2,2.5,2.5,,2,3,2.6,Scott,not fries. big potatoes,32.8297288,-117.2050566
Burros and Fries,Shrimp california,Seafood,42890,Clairemont,4705 Clairemont Dr,"4705 Clairemont Dr, Clairemont CA",http://www.burrosandfries.com/,3.5,4.1,6.99,4,2.5,3,3,2.5,3,3.5,,2.5,3,3,Emily,,32.8297288,-117.2050566
Burros and Fries,California,California,42890,Clairemont,4705 Clairemont Dr,"4705 Clairemont Dr, Clairemont CA",http://www.burrosandfries.com/,3.5,4.1,9.25,3.5,2,4.5,4.5,3.5,1.5,3,3.5,4,2,3.9,Scott,this tasted really bad leftover. not included in rating,32.8297288,-117.2050566
Caliente Mexican Food,carne asada ,Carne Asada / Beef,42922,Sorrento Valley,11815 Sorrento Valley Rd,"11815 Sorrento Valley Rd, Sorrento Valley CA",https://www.yelp.com/biz/caliente-mexican-food-san-diego,3.5,4.4,6.25,3.5,2.5,1.5,1.5,3,4.5,3,1.5,2,4.5,2,Scott,,32.9161974,-117.2367235
Caliente Mexican Food,carne asada ,Carne Asada / Beef,42922,Sorrento Valley,11815 Sorrento Valley Rd,"11815 Sorrento Valley Rd, Sorrento Valley CA",https://www.yelp.com/biz/caliente-mexican-food-san-diego,3.5,4.4,9.5,2,2.5,2.5,2.75,2.5,2.5,2,0.5,3,3.5,2.5,Emily,Huge. Shrimp is good. Meat is normal,32.9161974,-117.2367235
Caliente Mexican Food,fried fish,Seafood,42922,Sorrento Valley,11815 Sorrento Valley Rd,"11815 Sorrento Valley Rd, Sorrento Valley CA",https://www.yelp.com/biz/caliente-mexican-food-san-diego,3.5,4.4,6.95,2,3,4,4,3,4,4,1,2,1,3,Marc,,32.9161974,-117.2367235
Caliente Mexican Food,California,California,42922,Sorrento Valley,11815 Sorrento Valley Rd,"11815 Sorrento Valley Rd, Sorrento Valley CA",https://www.yelp.com/biz/caliente-mexican-food-san-diego,3.5,4.4,6.25,3.5,3,3.5,3.5,4,2,3.5,1,4,4,3.9,Scott,,32.9161974,-117.2367235
California Burrito Company,Dave's California,California,42655,Miramar,6912 Miramar Rd,"6912 Miramar Rd, Miramar CA",https://www.yelp.com/biz/california-burrito-company-san-diego-2,3.5,4.4,6.99,3,3,1,1.5,2.5,4,4,3,4.5,5,2,Nicole,,32.8788215,-117.1668915
California Burrito Company,California,California,42655,Miramar,6912 Miramar Rd,"6912 Miramar Rd, Miramar CA",https://www.yelp.com/biz/california-burrito-company-san-diego-2,3.5,4.4,6.25,3,4,,2,2,4,4,,3,4,2.75,Cris,"to-go, no guac or sour cream, fries are a small and underdone",32.8788215,-117.1668915
California Burrito Company,California,California,42655,Miramar,6912 Miramar Rd,"6912 Miramar Rd, Miramar CA",https://www.yelp.com/biz/california-burrito-company-san-diego-2,3.5,4.4,7.49,4,3,2.5,4,4,3.5,2.5,3.5,5,4.5,4.2,Emily,Horchata is very sweet,32.8788215,-117.1668915
California Burrito Company,Fajitas ,Specialty,42661,Miramar,6912 Miramar Rd,"6912 Miramar Rd, Miramar CA",https://www.yelp.com/biz/california-burrito-company-san-diego-2,3.5,4.4,8.49,2.5,4,4,4.5,4,5,4.5,3.5,4,2,4.1,Scott,,32.8788215,-117.1668915
California Burrito Company,California ,California,42661,Miramar,6912 Miramar Rd,"6912 Miramar Rd, Miramar CA",https://www.yelp.com/biz/california-burrito-company-san-diego-2,3.5,4.4,5.99,3,4,4,3,3.5,4,4.5,4,4,4.5,4,Scott,Salsa verde spicy,32.8788215,-117.1668915
California Burritos,California Everything,California,42475,Linda Vista,7754 Starling Dr,"7754 Starling Dr, Linda Vista CA",https://www.yelp.com/biz/california-burritos-san-diego,4.5,4.4,5.99,2,3.5,4,3.5,,4,,4,4,1.5,4,Emily,,32.793464,-117.1560493
California Burritos,California Everything,California,42475,Linda Vista,7754 Starling Dr,"7754 Starling Dr, Linda Vista CA",https://www.yelp.com/biz/california-burritos-san-diego,4.5,4.4,6.4,4,3,4,2.75,3,4,2,2,,5,3,Leo,,32.793464,-117.1560493
California Burritos,California Everything,California,42475,Linda Vista,7754 Starling Dr,"7754 Starling Dr, Linda Vista CA",https://www.yelp.com/biz/california-burritos-san-diego,4.5,4.4,6.4,2.5,3.5,3,3,3,4,4,1.5,,4.5,3.5,Scott,,32.793464,-117.1560493
California Burritos,Chile relleno and carnitas,Carnitas / Pork,42475,Linda Vista,7754 Starling Dr,"7754 Starling Dr, Linda Vista CA",https://www.yelp.com/biz/california-burritos-san-diego,4.5,4.4,8.75,3.5,1.5,2,3,3.5,4,1,3.5,4.5,4,4,Scott,Rolled tacos need more meat,32.793464,-117.1560493
California Burritos,California (only cheese),California,42475,Linda Vista,7754 Starling Dr,"7754 Starling Dr, Linda Vista CA",https://www.yelp.com/biz/california-burritos-san-diego,4.5,4.4,5.5,2.5,1.5,2.5,3.5,3,4,1.5,2.5,3.5,4.5,3.5,Emily,Adobado reminds me of Indian food because of some mystery spice,32.793464,-117.1560493
California Burritos,California Everything,California,42545,Linda Vista,7754 Starling Dr,"7754 Starling Dr, Linda Vista CA",https://www.yelp.com/biz/california-burritos-san-diego,4.5,4.4,7.49,2.5,4,3,4,4,4,4,4,4,3,4.6,Scott,,32.793464,-117.1560493
California Burritos,California Everything,California,42545,Linda Vista,7754 Starling Dr,"7754 Starling Dr, Linda Vista CA",https://www.yelp.com/biz/california-burritos-san-diego,4.5,4.4,7.49,2.5,3,2,4.5,4,4,3.5,3,4.5,4.5,4.5,Emily,,32.793464,-117.1560493
California Burritos,California Everything,California,42545,Linda Vista,7754 Starling Dr,"7754 Starling Dr, Linda Vista CA",https://www.yelp.com/biz/california-burritos-san-diego,4.5,4.4,6,3.5,2.5,2.5,3,4,4,4,3,3.5,1.5,3.8,Emily,Food cooks fast but checking out is painfully slow,32.793464,-117.1560493
California Burritos,California Everything,California,42545,Linda Vista,7754 Starling Dr,"7754 Starling Dr, Linda Vista CA",https://www.yelp.com/biz/california-burritos-san-diego,4.5,4.4,7,3.5,2.5,3,3,4,2,2,3,3.5,3.5,3,Scott,Beans are surprisingly good,32.793464,-117.1560493
California Burritos,California Everything,California,42545,Linda Vista,7754 Starling Dr,"7754 Starling Dr, Linda Vista CA",https://www.yelp.com/biz/california-burritos-san-diego,4.5,4.4,6.29,3.5,3.5,5,4,4,3.5,4.5,3.5,3.5,4,4,Scott,,32.793464,-117.1560493
California Burritos,Carnitas,Carnitas / Pork,42545,Linda Vista,7754 Starling Dr,"7754 Starling Dr, Linda Vista CA",https://www.yelp.com/biz/california-burritos-san-diego,4.5,4.4,6.49,4.5,3,5,4,4,5,4,2.5,4.5,4,4,Sage,,32.793464,-117.1560493
California Burritos,Carne asada everything,Carne Asada / Beef,42545,Linda Vista,7754 Starling Dr,"7754 Starling Dr, Linda Vista CA",https://www.yelp.com/biz/california-burritos-san-diego,4.5,4.4,6.49,4.5,3,4.5,3.5,3.5,3.5,3,3,3,4,3,Eli,Promising start but finished poorly,32.793464,-117.1560493
California Burritos,Carne asada everything,Carne Asada / Beef,42545,Linda Vista,7754 Starling Dr,"7754 Starling Dr, Linda Vista CA",https://www.yelp.com/biz/california-burritos-san-diego,4.5,4.4,6.6,3.5,4,2,4,3.5,4.5,4,3.5,4,1,4.25,Ricardo,,32.793464,-117.1560493
California Burritos,Carne asada everything,Carne Asada / Beef,42545,Linda Vista,7754 Starling Dr,"7754 Starling Dr, Linda Vista CA",https://www.yelp.com/biz/california-burritos-san-diego,4.5,4.4,7.65,3.5,3,1.5,3,3,2.5,3,3.5,2.5,4,3.4,Scott,,32.793464,-117.1560493
California Burritos,California Everything,California,42583,Linda Vista,7754 Starling Dr,"7754 Starling Dr, Linda Vista CA",https://www.yelp.com/biz/california-burritos-san-diego,4.5,4.4,5,3.5,2,,2.5,2,2,2,2,2.5,,2,Emily,,32.793464,-117.1560493
California Burritos,California Everything,California,42583,Linda Vista,7754 Starling Dr,"7754 Starling Dr, Linda Vista CA",https://www.yelp.com/biz/california-burritos-san-diego,4.5,4.4,5,1,2,,1,1,0.5,1,1.5,1,4,1,Scott,burrito was mostly tortilla,32.793464,-117.1560493
California Burritos,California Everything,California,42583,Linda Vista,7754 Starling Dr,"7754 Starling Dr, Linda Vista CA",https://www.yelp.com/biz/california-burritos-san-diego,4.5,4.4,6.25,0.5,3,5,4,2.75,4,1.6,3.5,3.4,5,3.33,Kelsey,,32.793464,-117.1560493
California Burritos,California Everything,California,42583,Linda Vista,7754 Starling Dr,"7754 Starling Dr, Linda Vista CA",https://www.yelp.com/biz/california-burritos-san-diego,4.5,4.4,6.25,3,3.5,5,2.5,2.5,4,2.7,3.5,3,5,2.5,Sage,,32.793464,-117.1560493
California Burritos,California Everything,California,42583,Linda Vista,7754 Starling Dr,"7754 Starling Dr, Linda Vista CA",https://www.yelp.com/biz/california-burritos-san-diego,4.5,4.4,6.25,3.75,3,5,5,4.5,4,4,1.5,3,5,3,Jake,,32.793464,-117.1560493
California Burritos,Surf & Turf,Seafood,42583,Linda Vista,7754 Starling Dr,"7754 Starling Dr, Linda Vista CA",https://www.yelp.com/biz/california-burritos-san-diego,4.5,4.4,9.5,3,3,3,4,3,3.5,4.5,3.5,3,3.5,3.2,Scott,quite small,32.793464,-117.1560493
California Burritos,Carne asada everything,Carne Asada / Beef,42583,Linda Vista,7754 Starling Dr,"7754 Starling Dr, Linda Vista CA",https://www.yelp.com/biz/california-burritos-san-diego,4.5,4.4,7.84,4,4,4,3.5,4,4.5,4,3.5,3.5,4.5,4,Scott,,32.793464,-117.1560493
California Burritos,California Everything,California,42660,Linda Vista,7754 Starling Dr,"7754 Starling Dr, Linda Vista CA",https://www.yelp.com/biz/california-burritos-san-diego,4.5,4.4,7.89,1,3,3.5,4.5,4,5,5,4.5,3.5,5,4.2,Scott,,32.793464,-117.1560493
California Burritos,Surf & Turf,Seafood,42660,Linda Vista,7754 Starling Dr,"7754 Starling Dr, Linda Vista CA",https://www.yelp.com/biz/california-burritos-san-diego,4.5,4.4,6.99,4,4,3,3.5,3,4,5,3,3.5,5,3.5,Emily,Kind of dry ,32.793464,-117.1560493
California burritos,California everything,California,42832,Linda Vista,7754 Starling Dr,"7754 Starling Dr, Linda Vista CA",https://www.yelp.com/biz/california-burritos-san-diego,4.5,4.4,9.5,5,3,3,3.5,3,4,1,3,2.5,5,3,Sage,,32.793464,-117.1560493
California burritos,California everything,California,42832,Linda Vista,7754 Starling Dr,"7754 Starling Dr, Linda Vista CA",https://www.yelp.com/biz/california-burritos-san-diego,4.5,4.4,6.99,4,4,4.5,4,3.5,4,2.5,2,4,4,4.2,Scott,A bit small,32.793464,-117.1560493
California burritos,California everything mini,California,42832,Linda Vista,7754 Starling Dr,"7754 Starling Dr, Linda Vista CA",https://www.yelp.com/biz/california-burritos-san-diego,4.5,4.4,5.99,3,4,3.5,3.5,4,3.5,3.5,2,3.5,0.5,3.9,Emily,So hot! Egg is surprisingly good,32.793464,-117.1560493
California burritos,Surf & Turf,Seafood,42832,Linda Vista,7754 Starling Dr,"7754 Starling Dr, Linda Vista CA",https://www.yelp.com/biz/california-burritos-san-diego,4.5,4.4,6.95,3.5,3,4,3.5,4,4,4,3.5,4.5,4.5,4.1,Scott,,32.793464,-117.1560493
California burritos,California everything,California,42832,Linda Vista,7754 Starling Dr,"7754 Starling Dr, Linda Vista CA",https://www.yelp.com/biz/california-burritos-san-diego,4.5,4.4,6.95,4,3,4.5,4,3,3,2,4,2,4.5,3,Torben,Guac chips have lots of cheese,32.793464,-117.1560493
California burritos,Surf & Turf,Seafood,42832,Linda Vista,7754 Starling Dr,"7754 Starling Dr, Linda Vista CA",https://www.yelp.com/biz/california-burritos-san-diego,4.5,4.4,6.5,3.5,3.75,5,3,3,4.5,4.5,3.5,3,4.5,3.25,Ricardo,,32.793464,-117.1560493
Cancun Mexican & Seafood,California,California,42449,Encinitas,1766 N Coast Hwy,"1766 N Coast Hwy, Encinitas CA",http://cancunmexicanandseafood.com/,4.5,4.1,6.95,4.5,2,5,3.5,4,2.5,5,3.5,2.5,4,3.75,Alex,Heart-stopping amount of cheese. Second tortilla of cheese,33.000349,-117.2754892
Cancun Mexican & Seafood,Machaca,Carne Asada / Beef,42449,Encinitas,1766 N Coast Hwy,"1766 N Coast Hwy, Encinitas CA",http://cancunmexicanandseafood.com/,4.5,4.1,7.65,3,2,4,3,3,4,2,4,2,3,3.5,Richard,Hot carrots,33.000349,-117.2754892
Cancun Mexican & Seafood,Adobada,Carnitas / Pork,42622,Encinitas,1766 N Coast Hwy,"1766 N Coast Hwy, Encinitas CA",http://cancunmexicanandseafood.com/,4.5,4.1,7.3,3,3,4.5,3.5,3,3,2,3.5,2.5,4.5,3.5,Tom,,33.000349,-117.2754892
Cancun Mexican & Seafood,California,California,42622,Encinitas,1766 N Coast Hwy,"1766 N Coast Hwy, Encinitas CA",http://cancunmexicanandseafood.com/,4.5,4.1,8.59,2.5,4,4.5,3.5,5,2.5,2,4,4.5,4,4.3,Scott,,33.000349,-117.2754892
Cancun Mexican & Seafood,California ,California,42691,Encinitas,1766 N Coast Hwy,"1766 N Coast Hwy, Encinitas CA",http://cancunmexicanandseafood.com/,4.5,4.1,8.59,3.5,4.5,4.5,4,4.5,4,4,4,4.5,5,4.5,Brad,,33.000349,-117.2754892
Cancun Mexican & Seafood,California ,California,42691,Encinitas,1766 N Coast Hwy,"1766 N Coast Hwy, Encinitas CA",http://cancunmexicanandseafood.com/,4.5,4.1,7.99,3.5,4,4,2,3,1.5,3,2.5,1,3,2.5,Scott,Bland,33.000349,-117.2754892
Carmen's Mexican Food,Adobada,Carnitas / Pork,42601,Clairemont,4937 Diane Ave,"4937 Diane Ave, Clairemont CA",https://www.yelp.com/biz/carmens-authentic-mexican-food-san-diego,4,4.2,9.99,3,4,4.5,3.5,4,3,2,2.5,3.5,4,4,Emily,Fries are good,32.8352268,-117.1868331
Carmen's Mexican Food,Carne asada,Carne Asada / Beef,42601,Clairemont,4937 Diane Ave,"4937 Diane Ave, Clairemont CA",https://www.yelp.com/biz/carmens-authentic-mexican-food-san-diego,4,4.2,8.25,3.5,4,4.5,3.5,2.5,4.5,4.5,4,3.5,5,4,Scott,,32.8352268,-117.1868331
Chili Peppers,Surf & Turf,Seafood,42518,San Diego,10425 Tierrasanta Blvd,"10425 Tierrasanta Blvd, San Diego CA",,,,7.95,2.5,2.5,2.5,4,3.5,3,2.5,3,3,5,3.3,Emily,,32.8227851,-117.1033798
Chipotle,Custom,Specialty,42512,Carlsbad,2505 Palomar airport Rd,"2505 Palomar airport Rd, Carlsbad CA",https://www.yelp.com/biz/chipotle-mexican-grill-carlsbad,3,4.2,7.95,2,4,5,4,4,3,5,3,3,5,4,Tara,,33.1280739,-117.2704361
Chipotle,Carnitas,Carnitas / Pork,42626,Carlsbad,2505 Palomar airport Rd,"2505 Palomar airport Rd, Carlsbad CA",https://www.yelp.com/biz/chipotle-mexican-grill-carlsbad,3,4.2,8.75,3,4,5,3,5,3,2,4,3,5,4,Andy,,33.1280739,-117.2704361
Colima's Mexican Food,Colimas burrito,Specialty,42521,North park,2302 University Ave,"2302 University Ave, North park CA",https://www.yelp.com/biz/colimas-mexican-food-san-diego,4,4.2,6.6,3,3,4.5,4,4.5,4,4.5,4.5,5,4.5,4.5,Scott,,32.748619,-117.1398717
Colima's Mexican Food,Hawaiian,Specialty,42432,North park,2302 University Ave,"2302 University Ave, North park CA",https://www.yelp.com/biz/colimas-mexican-food-san-diego,4,4.2,6.6,3,4,5,5,5,5,4,,4.5,5,4.5,Tara,,32.748619,-117.1398717
Colima's Mexican Food,Bandido,Specialty,42432,North park,2302 University Ave,"2302 University Ave, North park CA",https://www.yelp.com/biz/colimas-mexican-food-san-diego,4,4.2,6.6,3,3,5,3.5,3,4.5,2.5,3,4,4,3.6,Scott,Too much enchilada sauce this time,32.748619,-117.1398717
Colima's Mexican Food,Bandido,Specialty,42432,North park,2302 University Ave,"2302 University Ave, North park CA",https://www.yelp.com/biz/colimas-mexican-food-san-diego,4,4.2,7.45,3.5,3,5,3.5,2.5,3,2.5,3.75,3,4,3,Bankole,Would have enjoyed it more if wasn't rating; shrimp better than meat. Quality of the shrimp really improves the burrito. Well cooked and fresh. Shrimp could have had more flavor,32.748619,-117.1398717
Cortez Mexican Food,California ,California,42650,Bonsall,5517 Mission Rd,"5517 Mission Rd, Bonsall CA",https://www.yelp.com/biz/cortez-mexican-food-bonsall,4.2,4,6.6,3.5,3.5,3,4,4.5,3,1,3,4,0.5,2.8,Scott,"Salsa Fresca is good, way too small",33.2909024,-117.2259557
Cotixan,California,California,42789,Clairemont,4370 Genessee Ave,"4370 Genessee Ave, Clairemont CA",https://www.yelp.com/biz/cotixan-mexican-and-seafood-san-diego,4,4,6.6,3,3,2.5,3,4,2,1,3,3,5,3,Emily,,32.8229419,-117.184444
Cotixan,California,California,42902,Clairemont,4370 Genessee Ave,"4370 Genessee Ave, Clairemont CA",https://www.yelp.com/biz/cotixan-mexican-and-seafood-san-diego,4,4,7.89,3.5,3,2,4.5,4,4,1.5,4.5,4.5,4.5,4.4,Scott,Too small ,32.8229419,-117.184444
Don Carlos Taco Shop,California,California,42864,La Jolla,737 Pearl St,"737 Pearl St, La Jolla CA",https://www.yelp.com/biz/don-carlos-taco-shop-la-jolla,4,4.5,7.89,2,3,2.5,4.5,3.5,4.5,3,4,3.5,5,3.5,Richard,A little small. No rice and beans or cheese or sour cream,32.8396989,-117.2752812
Don Carlos Taco Shop,California,California,42864,La Jolla,737 Pearl St,"737 Pearl St, La Jolla CA",https://www.yelp.com/biz/don-carlos-taco-shop-la-jolla,4,4.5,6.25,4,4.5,4.5,2.5,3.5,3.5,3.5,3,4,5,4.1,Scott,,32.8396989,-117.2752812
Donato's Taco Shop,California ,California,42387,Miramar,6780 Miramar Rd,"6780 Miramar Rd, Miramar CA",http://donatostacoshop.net/,3.5,4.2,6.25,3.5,4,4,4,2.5,3,3.5,4,4,5,4,Brent,Brent doesn't like fries in his burrito,32.878915,-117.168949
Donato's Taco Shop,Al pastor ,Carnitas / Pork,42675,Miramar,6780 Miramar Rd,"6780 Miramar Rd, Miramar CA",http://donatostacoshop.net/,3.5,4.2,6.25,4,4,4.5,4.5,5,5,5,4.5,5,5,4.6,Luis,,32.878915,-117.168949
Donato's Taco Shop,Carne asada,Carne Asada / Beef,42675,Miramar,6780 Miramar Rd,"6780 Miramar Rd, Miramar CA",http://donatostacoshop.net/,3.5,4.2,6.5,5,4.5,5,5,5,5,4,4,5,5,4.7,Karl,,32.878915,-117.168949
El Cuervo,California ,California,42635,Hillcrest,110 Washington St,"110 Washington St, Hillcrest CA",https://www.yelp.com/biz/el-cuervo-taco-shop-san-diego,4,4.3,6.25,2,5,5,5,4,4,2,,5,5,5,Kalen,,32.7500841,-117.1636875
El Cuervo,Pollo adobado,Chicken,42635,Hillcrest,110 Washington St,"110 Washington St, Hillcrest CA",https://www.yelp.com/biz/el-cuervo-taco-shop-san-diego,4,4.3,6.5,2.5,3,,3.5,4,4,3,,4,1.5,3.5,Erin,,32.7500841,-117.1636875
El Dorado Mexican Food,California,California,42537,Temecula,29000 Old Town Front St,"29000 Old Town Front St, Temecula CA",https://www.yelp.com/biz/el-dorado-mexican-food-temecula,4.5,4,6.65,3.5,3.5,,3.5,3.5,4.5,3.5,3.5,4,4,4,Ricardo,,33.4839805,-117.1433185
El Dorado Mexican Food,Super,Specialty,42537,Temecula,29000 Old Town Front St,"29000 Old Town Front St, Temecula CA",https://www.yelp.com/biz/el-dorado-mexican-food-temecula,4.5,4,5.95,3.5,2.5,2.5,3.5,4,3,4.5,4,4.5,4.5,3.8,Scott,"Cheese should be melted, potatoes are very good",33.4839805,-117.1433185
El Dorado Mexican Food,California,California,42881,Temecula,29000 Old Town Front St,"29000 Old Town Front St, Temecula CA",https://www.yelp.com/biz/el-dorado-mexican-food-temecula,4.5,4,5.5,3,2,4,3,3,3,4,3.5,3.5,,3,Emily,,33.4839805,-117.1433185
El Dorado Mexican Food,California,California,42881,Temecula,29000 Old Town Front St,"29000 Old Town Front St, Temecula CA",https://www.yelp.com/biz/el-dorado-mexican-food-temecula,4.5,4,9,2,2,3.5,3,1.5,1,1,2.5,1.5,3.5,1.5,Scott,"The ends of the burrito were decent, but the middle was terrible without much meat",33.4839805,-117.1433185
El Indio,California,California,42446,San Diego,3695 India St,"3695 India St, San Diego CA",http://elindiosandiego.com/,3.5,3.9,9,2,2.5,2.5,1.5,2.5,1,2,2.5,2,5,1.8,Emily,,32.7423252,-117.180125
El Nopalito ,Especial ,Specialty,42522,Encinitas,582 Santa Fe Dr,"582 Santa Fe Dr, Encinitas CA",https://www.yelp.com/biz/el-nopalito-encinitas,4,4,8,4,4.5,5,5,5,4.5,5,3,5,5,4.9,Sage,A wonderful eating experience. best California burrito I've ever had by far. ,33.0367532,-117.2796615
El Nopalito ,Ranchero steak,Carne Asada / Beef,42522,Encinitas,582 Santa Fe Dr,"582 Santa Fe Dr, Encinitas CA",https://www.yelp.com/biz/el-nopalito-encinitas,4,4,6.89,3,3,2.5,3,2.5,2.5,2,3.5,3,4,3,Scott,,33.0367532,-117.2796615
El Pollo Loco,Chicken avocado,Chicken,42701,Oceanside,3500 College Blvd,"3500 College Blvd, Oceanside CA",https://www.yelp.com/biz/el-pollo-loco-oceanside-5,3.5,4.1,6.39,3,4,3,2.5,3.5,3,3,3.5,4,3.5,3.5,Emily,Pineapple is really good,33.1815844,-117.2959464
El Portal Fresh Mexican Grill,Mahi,Seafood,42680,Clairemont,4101 Genesee Ave,"4101 Genesee Ave, Clairemont CA",https://www.yelp.com/biz/el-portal-fresh-mexican-grill-san-diego,4,4.4,6.75,3,4.5,4,3,4,1,3,4.5,3.5,4.5,3.5,Scott,Fries are good. Too little meat,32.8175541,-117.1806305
El Portal Fresh Mexican Grill,Carnitas,Carnitas / Pork,42680,Clairemont,4101 Genesee Ave,"4101 Genesee Ave, Clairemont CA",https://www.yelp.com/biz/el-portal-fresh-mexican-grill-san-diego,4,4.4,5.99,2,4,2,2.5,4,4,3,3.5,4,5,3.2,Emily,Free lime. Ingredients chopped finely,32.8175541,-117.1806305
El Pueblo Mexican Food,California,California,42592,Cardiff ,820 Birmingham Dr,"820 Birmingham Dr, Cardiff  CA",https://www.yelp.com/biz/el-pueblo-authentic-mexican-food-cardiff-by-the-sea,4,4.7,7.49,3.5,3.5,4,4,4,3.5,3,4,4.5,3,4.2,Scott,Less meat than usual,33.0269045,-117.2731687
El Rey Moro,California Surf,California,42530,Clairemont,4471 Clairemont Mesa Blvd,"4471 Clairemont Mesa Blvd, Clairemont CA",https://www.yelp.com/biz/el-rey-moro-taco-shop-san-diego,4,3.8,7.49,4,4,3.5,4,4,4.5,5,4.5,5,4.5,4.5,Ricardo,,32.8338051,-117.1955713
El Rey Moro,Hashbrown,Breakfast,42967,Clairemont,4471 Clairemont Mesa Blvd,"4471 Clairemont Mesa Blvd, Clairemont CA",https://www.yelp.com/biz/el-rey-moro-taco-shop-san-diego,4,3.8,7.49,4,3,3,4,3.5,3.5,4,3.5,4,2.5,3.7,Luis,,32.8338051,-117.1955713
El Rey Moro,Hashbrown,Breakfast,42967,Clairemont,4471 Clairemont Mesa Blvd,"4471 Clairemont Mesa Blvd, Clairemont CA",https://www.yelp.com/biz/el-rey-moro-taco-shop-san-diego,4,3.8,7.49,3,4,2,5,5,1,3,5,4,3,4,Elynn,,32.8338051,-117.1955713
El Torrito Foods,Asada,Carne Asada / Beef,42638,Vista,249 Emerald Dr,"249 Emerald Dr, Vista CA",https://www.yelp.com/biz/el-torito-foods-vista-2,4,4.4,7.49,1,4,3,4,4.5,5,4.5,3,4.5,4,4,Sandra,,33.191101,-117.2790471
El Torrito Foods,Adobada,Carnitas / Pork,42638,Vista,249 Emerald Dr,"249 Emerald Dr, Vista CA",https://www.yelp.com/biz/el-torito-foods-vista-2,4,4.4,7.89,4,4,2,4,3,4,4,4,3.5,4,3.5,Brent,,33.191101,-117.2790471
El Zarape,California,California,42443,University Heights,4642 Park Blvd,"4642 Park Blvd, University Heights CA",https://www.yelp.com/biz/el-zarape-san-diego,4,4.4,8.95,5,4,4,5,5,5,4,5,5,5,5,Sankeerth,,32.7618065,-117.1464549
El Zarape,California chicken,California,42443,University Heights,4642 Park Blvd,"4642 Park Blvd, University Heights CA",https://www.yelp.com/biz/el-zarape-san-diego,4,4.4,6.95,4,3,3.5,2,3.5,3,2.5,2.5,2.5,2,2.9,Scott,,32.7618065,-117.1464549
El Zarape,Azteca,Specialty,42443,University Heights,4642 Park Blvd,"4642 Park Blvd, University Heights CA",https://www.yelp.com/biz/el-zarape-san-diego,4,4.4,7,3.5,3,5,3,3.5,3,1.5,3,3,4,3.3,Scott,,32.7618065,-117.1464549
El Zarape,Lobster,Seafood,42443,University Heights,4642 Park Blvd,"4642 Park Blvd, University Heights CA",https://www.yelp.com/biz/el-zarape-san-diego,4,4.4,8.75,3,3,4,2.7,4.7,3,2.4,2,3.7,4.5,3.7,Bankole,,32.7618065,-117.1464549
El Zarape,Surf and Turf,Seafood,42509,University Heights,4642 Park Blvd,"4642 Park Blvd, University Heights CA",https://www.yelp.com/biz/el-zarape-san-diego,4,4.4,8.75,4,4.5,3.8,3.8,4.5,3.4,1.5,3,3.8,4,3.8,Katie,,32.7618065,-117.1464549
El Zarape,California,California,42682,University Heights,4642 Park Blvd,"4642 Park Blvd, University Heights CA",https://www.yelp.com/biz/el-zarape-san-diego,4,4.4,6.65,4,3,4.5,2.5,2,3.5,5,1.5,2,1.5,2.5,Scott,Fries are terrible. Burrito leaked,32.7618065,-117.1464549
El Zarape,California,California,42682,University Heights,4642 Park Blvd,"4642 Park Blvd, University Heights CA",https://www.yelp.com/biz/el-zarape-san-diego,4,4.4,6.6,4,4,3.5,4,4,3.5,4,4,4.5,4.5,4,Ricardo,,32.7618065,-117.1464549
El Zarape,California,California,42682,University Heights,4642 Park Blvd,"4642 Park Blvd, University Heights CA",https://www.yelp.com/biz/el-zarape-san-diego,4,4.4,6.6,4.5,4,3,3,3,3.5,3,,3.5,4.5,3,Erin,Meat was too salty,32.7618065,-117.1464549
El Zarape,Carne asada supreme,Carne Asada / Beef,42682,University Heights,4642 Park Blvd,"4642 Park Blvd, University Heights CA",https://www.yelp.com/biz/el-zarape-san-diego,4,4.4,7.5,4,4,5,4,5,5,4,5,4,4,4,Elynn,,32.7618065,-117.1464549
Famoso Mexican Street Food,Cali Diablo,Specialty,42688,Downtown,815 C St,"815 C St, Downtown CA",https://www.yelp.com/biz/famoso-mexican-street-food-san-diego-20,4.5,3.9,6.25,3.5,4,3.5,4,4,5,5,,5,4.5,4.2,Luis,,32.7166296,-117.1571556
Filiberto's,Adobada,Carnitas / Pork,42857,Encinitas,476 S Coast Hwy 101,"476 S Coast Hwy 101, Encinitas CA",https://www.yelp.com/biz/filibertos-encinitas-2,3,3.8,6.6,5,5,4,,5,5,4,,5,3,4.5,Matteo,,33.0463436,-117.2941448
Filiberto's,California,California,42857,Encinitas,476 S Coast Hwy 101,"476 S Coast Hwy 101, Encinitas CA",https://www.yelp.com/biz/filibertos-encinitas-2,3,3.8,6,2,5,4.5,5,5,5,5,,5,4,5,Aga,,33.0463436,-117.2941448
Gloria's Taco Shop,California ,California,42706,South Park,1233 28th St,"1233 28th St, South Park CA",https://www.yelp.com/biz/glorias-taco-shop-san-diego,4,4.3,7.99,3,4,4,4,3.5,2.5,3.5,4,3.5,2.5,3.7,Scott,,32.7186247,-117.1336562
Gloria's Taco Shop,Cabeza,Specialty,42706,South Park,1233 28th St,"1233 28th St, South Park CA",https://www.yelp.com/biz/glorias-taco-shop-san-diego,4,4.3,6.99,2.5,3.5,4,3.5,3.5,3,1,4,4,4.5,3.8,Emily,,32.7186247,-117.1336562
Goody's,Custom,Specialty,42510,La Jolla,Marshall College,"Marshall College, La Jolla CA",https://www.yelp.com/biz/goodys-place-and-market-la-jolla,3.5,4.1,5.55,3.5,4,4.5,3,3,5,3,4,3,5,3.5,Scott,,32.8751747,-117.2358896
Goody's,Custom,Specialty,40679,La Jolla,Marshall College,"Marshall College, La Jolla CA",https://www.yelp.com/biz/goodys-place-and-market-la-jolla,3.5,4.1,5.55,2.5,4.5,4,3.5,4,3.5,4,3,4,5,3.9,Emily,,32.8751747,-117.2358896
Goody's,Custom,Specialty,42510,La Jolla,Marshall College,"Marshall College, La Jolla CA",https://www.yelp.com/biz/goodys-place-and-market-la-jolla,3.5,4.1,7.25,3.5,1.5,1,2,2,2,2,2,2,1,1.8,Scott,Grocery store tortilla; cold guac,32.8751747,-117.2358896
Goody's,Carne Asada,Carne Asada / Beef,42511,La Jolla,Marshall College,"Marshall College, La Jolla CA",https://www.yelp.com/biz/goodys-place-and-market-la-jolla,3.5,4.1,6.5,5,3,,4,5,4,4,,5,5,5,Erika N,,32.8751747,-117.2358896
Graciela's Taco Shop,Adobada ,Carnitas / Pork,42414,Bonita,5047 Central Ave,"5047 Central Ave, Bonita CA",https://www.yelp.com/biz/gracielas-taco-shop-bonita-2,4,4.5,11.75,4,3,,4,5,4,4,5,4,3,4,Sai G,,32.6695006,-117.0215818
Graciela's Taco Shop,Barbacoa,Carne Asada / Beef,42414,Bonita,5047 Central Ave,"5047 Central Ave, Bonita CA",https://www.yelp.com/biz/gracielas-taco-shop-bonita-2,4,4.5,6.5,4,3,,4,4,5,4,4,5,4,5,Jonathan G,Great fish burrito. Not fishy and has great crunch from both cabbage and fried fish. Super generous with amount of fish given,32.6695006,-117.0215818
Humbertos,Pollo california,Chicken,42517,San Diego,1015 25th St,"1015 25th St, San Diego CA",,,,6.5,5,4,,4,4,5,4,4,4,5,4,Laya,A LOT of carne asada!,32.5764184,-117.0797718
Jorge's Mexicatessen,California ,California,42484,Encinitas ,267 N El Camino Real,"267 N El Camino Real, Encinitas  CA",https://www.yelp.com/biz/jorges-mexicatessen-encinitas,4,4.5,8,4,3,,2,3,2,3,2,3,2,2,Albert N,"The price has gone up for the past two years. I would probably rate this lower because of it, but my scores were on raw taste only.",33.0529981,-117.2601254
Jorge's Mexicatessen,Chimichanga beef,Carne Asada / Beef,42484,Encinitas ,267 N El Camino Real,"267 N El Camino Real, Encinitas  CA",https://www.yelp.com/biz/jorges-mexicatessen-encinitas,4,4.5,8,3,3,,1,2,2,2,2,2,1,2,Brittany T,It's gone downhill since 2013. Expensive and only ate it because there's nothing else around. closes early. skimping on the portions.,33.0529981,-117.2601254
Jose's Taco,California,California,42648,Oceanside,3910 Vista Way,"3910 Vista Way, Oceanside CA",https://www.yelp.com/biz/joses-taco-oceanside,4,3.8,7,3.5,3,,5,3,3,4,4,4,4,4,Gurkirat S,,33.184526,-117.2934667
Juanita's Taco Shop,California ,California,42508,Encinitas ,290 N Coast Hwy 101,"290 N Coast Hwy 101, Encinitas  CA",https://www.yelp.com/biz/juanitas-taco-shop-encinitas,4,4.5,,4,5,,5,5,5,4,5,5,5,4.8,Erica,,33.054223,-117.2969337
Juanita's Taco Shop,Arizona,Specialty,42508,Encinitas ,290 N Coast Hwy 101,"290 N Coast Hwy 101, Encinitas  CA",https://www.yelp.com/biz/juanitas-taco-shop-encinitas,4,4.5,7.14,3.5,4,2,4,5,4,2,4,4.5,5,4.4,Scott,not too much rice,33.054223,-117.2969337
JV's Mexican Food,Carne Asada,Carne Asada / Beef,42406,Morena,1112 Morena Blvd,"1112 Morena Blvd, Morena CA",http://jvsmexfood.com/,4,4.1,7.14,5,4,2,4.5,4,3.5,2,3,4,4,4.1,Sage,hashbrowns instead of fries; anterior-posterior uniformity is good but medial-lateral is bad,32.7686218,-117.2003367
JV's Mexican Food,Surf & Turf,Seafood,42406,Morena,1112 Morena Blvd,"1112 Morena Blvd, Morena CA",http://jvsmexfood.com/,4,4.1,6.02,3.2,4.5,2,3.3,3.4,4.5,4.5,3.8,3.7,5,3.7,Dan,one hot side and one cold side from the guac,32.7686218,-117.2003367
Karina's Taco Shop ,Bomb,Specialty,42505,Encinitas ,916 N Coast Hwy 101,"916 N Coast Hwy 101, Encinitas  CA",https://www.yelp.com/biz/karinas-taco-shop-encinitas,4,4.2,6.5,2,1.5,4,2,2,4.5,1,1,2,5,1.5,Scott,,33.0647964,-117.3026313
Karina's Taco Shop ,California ,California,42505,Encinitas ,916 N Coast Hwy 101,"916 N Coast Hwy 101, Encinitas  CA",https://www.yelp.com/biz/karinas-taco-shop-encinitas,4,4.2,5.4,3,2,3.5,4,2.5,3.5,1.5,1.5,3,5,2.7,Emily,,33.0647964,-117.3026313
King Burrito,Adobada,Carnitas / Pork,42598,Oceanside,3490 Marron Rd,"3490 Marron Rd, Oceanside CA",https://www.yelp.com/biz/king-burrito-oceanside-2,4,3.9,5.99,4,4.5,5,3,4,2,2,2,3.75,4,3.2,Scott,not 100% certain about the ingredients (was there guac and pico?),33.1788465,-117.2947296
King Burrito,California,California,42598,Oceanside,3490 Marron Rd,"3490 Marron Rd, Oceanside CA",https://www.yelp.com/biz/king-burrito-oceanside-2,4,3.9,5.5,3,3.5,4,3.5,3,3.5,3.5,2.5,3,2.5,3,Emily,"Best free chips, novel burrito",33.1788465,-117.2947296
Kotija Jr,California,California,42966,Del Mar,2668 Del Mar Heights Rd,"2668 Del Mar Heights Rd, Del Mar CA",https://www.yelp.com/biz/kotija-jr-taco-shop-del-mar,4,4.2,6.25,4,1.5,2.5,3,4.5,4,2,2.75,3.75,3,2.6,Scott,Way too small,32.9497632,-117.246375
Kotija Jr,Steak fajitas,Carne Asada / Beef,42966,Del Mar,2668 Del Mar Heights Rd,"2668 Del Mar Heights Rd, Del Mar CA",https://www.yelp.com/biz/kotija-jr-taco-shop-del-mar,4,4.2,8.95,3.5,3,3,4,4,3.5,3.5,2.5,4,0.5,3,Emily,,32.9497632,-117.246375
Kotija Jr.,Fish,Seafood,42510,Del Mar,2668 Del Mar Heights Rd,"2668 Del Mar Heights Rd, Del Mar CA",https://www.yelp.com/biz/kotija-jr-taco-shop-del-mar,4,4.2,3.5,1,3.5,4.5,,3,,4,3,2.5,4,2.7,Scott,,32.9497632,-117.246375
La Morena Taco Shop and Seafood,California,California,42635,Webster,5059 Federal Blvd,"5059 Federal Blvd, Webster CA",https://www.yelp.com/biz/la-morena-taco-shop-san-diego,4.5,4.7,11.95,4,3.5,4,4,4.5,2.5,2.5,3,4,2,4.2,Scott,Lotus chips add good crunch,32.7211059,-117.0863535
La Perla Cocina,Addiction,Specialty,42459,Pacific Beach,745 Emerald St,"745 Emerald St, Pacific Beach CA",https://www.yelp.com/biz/la-perla-cocina-mexicana-san-diego,4.5,4.7,11.95,3,3,4,4,4,3,2.5,4.5,4,1.5,4,Emily,,32.7981316,-117.2563707
La Perla Cocina,Oaxacalifornia,California,42459,Pacific Beach,745 Emerald St,"745 Emerald St, Pacific Beach CA",https://www.yelp.com/biz/la-perla-cocina-mexicana-san-diego,4.5,4.7,7.5,4,3,5,3.5,3.5,4,4,2.5,3,5,3.5,Sage,,32.7981316,-117.2563707
La Perla Cocina,California,California,42506,Pacific Beach,745 Emerald St,"745 Emerald St, Pacific Beach CA",https://www.yelp.com/biz/la-perla-cocina-mexicana-san-diego,4.5,4.7,4.87,2,3,4,1.5,2,3,5,3,2.5,5,2.6,Scott,"It's pretty good for what it is, but just not the best ingredients for a burrito. also Few white people",32.7981316,-117.2563707
Lola's 7 Up Market & Deli,Shredded beef,Carne Asada / Beef,42429,Carlsbad,3292 Roosevelt St,"3292 Roosevelt St, Carlsbad CA",https://www.yelp.com/biz/lolas-7-up-market-and-deli-carlsbad,4.5,4.9,4.87,2.5,3.5,3,2.5,2.4,3.5,4.5,3,3,1.5,2.6,Emily,,33.157106,-117.3449144
Lola's 7 Up Market & Deli,Carne asada,Carne Asada / Beef,42429,Carlsbad,3292 Roosevelt St,"3292 Roosevelt St, Carlsbad CA",https://www.yelp.com/biz/lolas-7-up-market-and-deli-carlsbad,4.5,4.9,6.25,4.5,3.5,3,2,2,2.5,3,2,1.5,1,2,Kevin,"Sucks, but it is okay.",33.157106,-117.3449144
Lolita's taco shop,Bean and Cheese,Vegetarian,42509,Kearny Mesa,7305 Clairemont Mesa Blvd,"7305 Clairemont Mesa Blvd, Kearny Mesa CA",http://lolitasmexicanfood.com/,4,4.4,5.25,4,4,5,,5,4,4,5,5,5,4.8,Brian,"Great rice and beans burrito, doesn't come with cheese or sour cream. ",32.8316432,-117.1605738
Lolita's taco shop,2 in 1,Specialty,42424,Kearny Mesa,7305 Clairemont Mesa Blvd,"7305 Clairemont Mesa Blvd, Kearny Mesa CA",http://lolitasmexicanfood.com/,4,4.4,8.25,4,5,5,5,5,5,5,,5,4.5,4.9,Brian,,32.8316432,-117.1605738
Lolita's taco shop,Adobado,Carnitas / Pork,42424,Kearny Mesa,7305 Clairemont Mesa Blvd,"7305 Clairemont Mesa Blvd, Kearny Mesa CA",http://lolitasmexicanfood.com/,4,4.4,4.59,4,4,4,5,5,5,5,5,5,4,4.8,Chuck K,,32.8316432,-117.1605738
Lolita's taco shop,California,California,42502,Kearny Mesa,7305 Clairemont Mesa Blvd,"7305 Clairemont Mesa Blvd, Kearny Mesa CA",http://lolitasmexicanfood.com/,4,4.4,2.99,3,4.5,3.5,,4.5,,3.5,3,4,4,4.5,Sarah,Got green and hot salsa put inside the burrito-drive thru,32.8316432,-117.1605738
Lolita's taco shop,2 in 1,Specialty,42502,Kearny Mesa,7305 Clairemont Mesa Blvd,"7305 Clairemont Mesa Blvd, Kearny Mesa CA",http://lolitasmexicanfood.com/,4,4.4,7,2.5,5,5,5,5,5,5,5,5,5,5,Damien B,Get the green sauce,32.8316432,-117.1605738
Lolita's taco shop,2 in 1,Specialty,42502,Kearny Mesa,7305 Clairemont Mesa Blvd,"7305 Clairemont Mesa Blvd, Kearny Mesa CA",http://lolitasmexicanfood.com/,4,4.4,,4.3,3.8,4,,4.7,,5,,4.7,5,4.8,,,32.8316432,-117.1605738
Lolita's Taco shop,Carne asada,Carne Asada / Beef,42517,Kearny Mesa,7305 Clairemont Mesa Blvd,"7305 Clairemont Mesa Blvd, Kearny Mesa CA",http://lolitasmexicanfood.com/,4,4.4,6,5,4,5,5,5,5,4,5,5,5,5,Logan,,32.8316432,-117.1605738
Lolita's Taco shop,Shrimp,Seafood,42517,Kearny Mesa,7305 Clairemont Mesa Blvd,"7305 Clairemont Mesa Blvd, Kearny Mesa CA",http://lolitasmexicanfood.com/,4,4.4,9.43,,4,5,5,5,5,5,5,5,5,5,Chris H,,32.8316432,-117.1605738
Lolita's Taco shop,Bean and cheese,Vegetarian,42517,Kearny Mesa,7305 Clairemont Mesa Blvd,"7305 Clairemont Mesa Blvd, Kearny Mesa CA",http://lolitasmexicanfood.com/,4,4.4,9.25,3.5,2,1,3,3,1,,3,2,4,2.3,Scott,,32.8316432,-117.1605738
Lolita's Taco Shop,California,California,42544,Kearny Mesa,7305 Clairemont Mesa Blvd,"7305 Clairemont Mesa Blvd, Kearny Mesa CA",http://lolitasmexicanfood.com/,4,4.4,7,3,4.5,4,3.5,4,1,1,2,2,4,2.5,Ricardo,,32.8316432,-117.1605738
Lolita's Taco Shop,California,California,42544,Kearny Mesa,7305 Clairemont Mesa Blvd,"7305 Clairemont Mesa Blvd, Kearny Mesa CA",http://lolitasmexicanfood.com/,4,4.4,6.25,2.5,3,4,3,2,1.5,1,3,1.5,3,2,Erin,,32.8316432,-117.1605738
Lolita's Taco Shop,California,California,42544,Kearny Mesa,7305 Clairemont Mesa Blvd,"7305 Clairemont Mesa Blvd, Kearny Mesa CA",http://lolitasmexicanfood.com/,4,4.4,6,4,3,3,1,4,2,2,3,2,1,2,Elynn,,32.8316432,-117.1605738
Lolita's Taco Shop,Mixed,Specialty,42544,Kearny Mesa,7305 Clairemont Mesa Blvd,"7305 Clairemont Mesa Blvd, Kearny Mesa CA",http://lolitasmexicanfood.com/,4,4.4,6,3,4,3.5,4,4,2,4,4,4,3,3.8,Rob,,32.8316432,-117.1605738
Los Cabos,California,California,42609,San Marcos,165 S Rancho Santa Fe Rd,"165 S Rancho Santa Fe Rd, San Marcos CA",https://www.yelp.com/biz/los-cabos-san-marcos,4,4.1,6.35,4.5,4,4,2.5,2,3,2,2,2,3,2,Matteo,,33.1467401,-117.1991346
Los Cabos,Al pastor,Carnitas / Pork,42609,San Marcos,165 S Rancho Santa Fe Rd,"165 S Rancho Santa Fe Rd, San Marcos CA",https://www.yelp.com/biz/los-cabos-san-marcos,4,4.1,7.9,3.5,3.5,4.5,4.5,4,1.5,1.5,3,4,5,3.5,Scott,,33.1467401,-117.1991346
Los palmitos,California,California,42848,Clairemont,5145 Clairemont Mesa Blvd,"5145 Clairemont Mesa Blvd, Clairemont CA",https://www.yelp.com/biz/los-palmitos-taco-shop-san-diego,4,4.1,8.5,3.5,4,4,4,3.5,4,4,4,4.5,4.5,4.2,Emily,,32.8340905,-117.1796656
Los palmitos,Surf & Turf,Seafood,42848,Clairemont,5145 Clairemont Mesa Blvd,"5145 Clairemont Mesa Blvd, Clairemont CA",https://www.yelp.com/biz/los-palmitos-taco-shop-san-diego,4,4.1,6.99,3.5,4,3.5,4,3.5,4,5,2.5,4,4.5,3.9,Scott,,32.8340905,-117.1796656
Los Panchos Taco Shop,California,California,42697,Hillcrest,409 Washington St,"409 Washington St, Hillcrest CA",https://www.yelp.com/biz/los-panchos-san-diego-2,3,3.4,6.99,5,4,4,4,4,2,3,3,4,3,3.5,Brad P,,32.7496735,-117.1612401
Los Panchos Taco Shop,Bitchin California,California,42697,Hillcrest,409 Washington St,"409 Washington St, Hillcrest CA",https://www.yelp.com/biz/los-panchos-san-diego-2,3,3.4,5.7,3.5,3.5,3,3,4,1.5,4,4,4,4,3.7,Scott,,32.7496735,-117.1612401
Los Panchos Taco Shop,Tijuana,Specialty,42697,Hillcrest,409 Washington St,"409 Washington St, Hillcrest CA",https://www.yelp.com/biz/los-panchos-san-diego-2,3,3.4,5.25,4,3.5,3,2.8,3.5,4,4,4,3.5,5,3.2,Emily,,32.7496735,-117.1612401
Los Primos Mexican Food,Monster California,California,42401,UTC,7770 Regents Rd,"7770 Regents Rd, UTC CA",http://www.primosmex.com/,3,3.7,9.19,2.8,3.5,4.5,4,3.5,5,4.5,3,3.5,5,4,Scott,shrimp is really good. too much chipotle sauce,32.8628023,-117.2245047
Los Primos Mexican Food,619 Burrito Original,Specialty,42506,UTC,7770 Regents Rd,"7770 Regents Rd, UTC CA",http://www.primosmex.com/,3,3.7,7.85,3,3,4.5,4.5,3.5,3.5,3.5,1,4,1,3.5,Scott,,32.8628023,-117.2245047
Los Primos Mexican Food,California,California,42519,UTC,7770 Regents Rd,"7770 Regents Rd, UTC CA",http://www.primosmex.com/,3,3.7,6.85,4,3,5,4,3,5,4,3,4,3,4,Christian,,32.8628023,-117.2245047
Los Primos Mexican Food,Monster California,California,42524,UTC,7770 Regents Rd,"7770 Regents Rd, UTC CA",http://www.primosmex.com/,3,3.7,6.85,4,4,5,3.5,3,4,4,3,3,3,3.5,Sam H,,32.8628023,-117.2245047
Los Primos Mexican Food,California,California,42524,UTC,7770 Regents Rd,"7770 Regents Rd, UTC CA",http://www.primosmex.com/,3,3.7,6.94,4,4,4,4,4.5,3.2,3,4.5,4.5,2,4.5,Scott,Salsa verde has an interesting hint of garlic,32.8628023,-117.2245047
Los Primos Mexican Food,California breakfast,California,42524,UTC,7770 Regents Rd,"7770 Regents Rd, UTC CA",http://www.primosmex.com/,3,3.7,6.94,3.75,3.5,3.5,3.5,3.5,4,4,4.5,3.5,4.5,3.8,Emily,,32.8628023,-117.2245047
Los Primos Mexican Food,Baja monster,Specialty,42524,UTC,7770 Regents Rd,"7770 Regents Rd, UTC CA",http://www.primosmex.com/,3,3.7,7,2.2,2.8,3,3,2,2,4.5,2,1.5,4.5,2.3,Scott,,32.8628023,-117.2245047
Los Primos Mexican Food,Baja monster,Specialty,42524,UTC,7770 Regents Rd,"7770 Regents Rd, UTC CA",http://www.primosmex.com/,3,3.7,7,3.5,4,4,4,3,4,5,4,4,5,4,Cris,,32.8628023,-117.2245047
Los Primos Mexican Food,Carnitas,Carnitas / Pork,42524,UTC,7770 Regents Rd,"7770 Regents Rd, UTC CA",http://www.primosmex.com/,3,3.7,7,3,3.5,2,3,4,2,4,3,3,4,3,Matt,,32.8628023,-117.2245047
Los Primos Mexican Food,Surf & Turf,Seafood,42588,UTC,7770 Regents Rd,"7770 Regents Rd, UTC CA",http://www.primosmex.com/,3,3.7,8.25,4,4,3,4,4,4,5,3,4,5,3.5,Marc,,32.8628023,-117.2245047
Los Primos Mexican Food,Adobada,Carnitas / Pork,42588,UTC,7770 Regents Rd,"7770 Regents Rd, UTC CA",http://www.primosmex.com/,3,3.7,6.25,3,3.8,1.3,3.5,3.5,4.5,4.5,3.5,4,5,3.9,Scott,Temperature brought it down,32.8628023,-117.2245047
Los Primos Mexican Food,Carne asada,Carne Asada / Beef,42588,UTC,7770 Regents Rd,"7770 Regents Rd, UTC CA",http://www.primosmex.com/,3,3.7,6.25,4.5,4,4,4.5,4,4,3.5,4,4,4.5,4.25,Ricardo,,32.8628023,-117.2245047
Los Tacos,California ,California,42631,Oceanside,2183 Vista Way,"2183 Vista Way, Oceanside CA",https://www.yelp.com/biz/los-tacos-oceanside,4,4.2,6.25,4,3,2.5,4,4,4,2,2,3,4,4,Elynn,,33.1826321,-117.3409433
Los Tacos,Local,Specialty,42631,Oceanside,2183 Vista Way,"2183 Vista Way, Oceanside CA",https://www.yelp.com/biz/los-tacos-oceanside,4,4.2,6.25,3,5,4,4,4.5,4,4.5,,4,4,4.5,Erin,,33.1826321,-117.3409433
Los Tacos,Fusion,Specialty,42742,Oceanside,2183 Vista Way,"2183 Vista Way, Oceanside CA",https://www.yelp.com/biz/los-tacos-oceanside,4,4.2,6.25,4,4,3.5,4.5,4,4.5,4,4.5,4.5,5,4.5,Luis,,33.1826321,-117.3409433
Los Tacos,Local,Specialty,42742,Oceanside,2183 Vista Way,"2183 Vista Way, Oceanside CA",https://www.yelp.com/biz/los-tacos-oceanside,4,4.2,5.5,4.5,5,4,5,4,4.5,4,4,4.5,4,4.5,Matteo,,33.1826321,-117.3409433
Los Tacos,Local,Specialty,42750,Oceanside,2183 Vista Way,"2183 Vista Way, Oceanside CA",https://www.yelp.com/biz/los-tacos-oceanside,4,4.2,6.25,3,4,3,4,3,4,3,3,4,4,4,Brent,,33.1826321,-117.3409433
Los Tacos,Local,Specialty,42750,Oceanside,2183 Vista Way,"2183 Vista Way, Oceanside CA",https://www.yelp.com/biz/los-tacos-oceanside,4,4.2,6.25,4.5,4,5,4.5,4,4.5,4,3,4,5,4.5,Daniel,,33.1826321,-117.3409433
Los Tacos,Local,Specialty,42791,Oceanside,2183 Vista Way,"2183 Vista Way, Oceanside CA",https://www.yelp.com/biz/los-tacos-oceanside,4,4.2,6.25,5,4,3,5,4,4,4,5,5,3,4.2,Alejandro,,33.1826321,-117.3409433
Los Tacos,Local,Specialty,42791,Oceanside,2183 Vista Way,"2183 Vista Way, Oceanside CA",https://www.yelp.com/biz/los-tacos-oceanside,4,4.2,6.25,4,4,4,3.5,4,3,4,4,3.5,4.5,3.75,Ricardo,,33.1826321,-117.3409433
Los Tacos,Local,Specialty,42791,Oceanside,2183 Vista Way,"2183 Vista Way, Oceanside CA",https://www.yelp.com/biz/los-tacos-oceanside,4,4.2,6.25,4,3,2,4,5,4,4,3,4,3,4,Elynn,,33.1826321,-117.3409433
Los Tacos,Local,Specialty,42791,Oceanside,2183 Vista Way,"2183 Vista Way, Oceanside CA",https://www.yelp.com/biz/los-tacos-oceanside,4,4.2,6.25,4,4,3.5,3.5,4,3.5,4,3.5,4,4.5,4,Matteo,,33.1826321,-117.3409433
Los Tacos,Local,Specialty,42982,Oceanside,2183 Vista Way,"2183 Vista Way, Oceanside CA",https://www.yelp.com/biz/los-tacos-oceanside,4,4.2,6.25,3.5,3.5,2,3,3.5,3.5,2.5,2.5,3.5,4.5,3.4,Scott,,33.1826321,-117.3409433
Los Tacos,Local,Specialty,42982,Oceanside,2183 Vista Way,"2183 Vista Way, Oceanside CA",https://www.yelp.com/biz/los-tacos-oceanside,4,4.2,6.25,3,4,4,4.5,5,4.75,5,4,4.5,4.5,,Aga,,33.1826321,-117.3409433
Los Tacos,Local,Specialty,42526,Oceanside,2183 Vista Way,"2183 Vista Way, Oceanside CA",https://www.yelp.com/biz/los-tacos-oceanside,4,4.2,7,4.31,3,2.5,3.5,3,3.5,4,3,3,4,,Hannah,,33.1826321,-117.3409433
Los Tacos,Fusion,Specialty,42526,Oceanside,2183 Vista Way,"2183 Vista Way, Oceanside CA",https://www.yelp.com/biz/los-tacos-oceanside,4,4.2,6.25,4.5,4.5,4,4,4.5,4,4,4.5,4.5,4,4,Brent,,33.1826321,-117.3409433
Los Tacos 2,Al pastor tradicional ,Carnitas / Pork,42868,Oceanside,3480 Marron Rd,"3480 Marron Rd, Oceanside CA",https://www.yelp.com/biz/los-tacos-oceanside-2,4.5,5,7,2.5,4,4,2,3,2,3.5,3,3,4.5,2.5,Emily,,33.1792619,-117.2951199
Los Tacos 2,Cheese steak,Carne Asada / Beef,42884,Oceanside,3480 Marron Rd,"3480 Marron Rd, Oceanside CA",https://www.yelp.com/biz/los-tacos-oceanside-2,4.5,5,6.25,2,4,2.5,2.5,3,2,4,3.5,3,4.5,2.6,Scott,,33.1792619,-117.2951199
Los Tacos 2,Local,Specialty,42938,Oceanside,3480 Marron Rd,"3480 Marron Rd, Oceanside CA",https://www.yelp.com/biz/los-tacos-oceanside-2,4.5,5,7,4,3.5,3,2,2,1,3,3.5,1.5,4,2,Ricardo,,33.1792619,-117.2951199
Los Tacos 2,Local,Specialty,42938,Oceanside,3480 Marron Rd,"3480 Marron Rd, Oceanside CA",https://www.yelp.com/biz/los-tacos-oceanside-2,4.5,5,6.25,3.5,3.5,3.5,2.5,2.5,2.5,4,2,1.5,5,2.2,Scott,,33.1792619,-117.2951199
Lourdes,Carnitas,Carnitas / Pork,42797,Encinitas,2113 San Elijo Ave,"2113 San Elijo Ave, Encinitas CA",https://www.yelp.com/biz/lourdes-encinitas-2,4,4.7,6.25,4,4,5,3,3,4,3.5,4,4,5,3.75,Sage,,33.0208288,-117.2823504
Lourdes,California,California,42797,Encinitas,2113 San Elijo Ave,"2113 San Elijo Ave, Encinitas CA",https://www.yelp.com/biz/lourdes-encinitas-2,4,4.7,4.99,4,4.5,4.5,3.5,4,4.5,5,2.5,4.5,5,4.3,Scott,,33.0208288,-117.2823504
Lucha Libre North Park,Surf & Turf,Seafood,42612,North Park,3016 University Ave,"3016 University Ave, North Park CA",https://www.yelp.com/biz/lucha-libre-san-diego,3.5,4.3,6.89,4,3.5,4.5,3.5,3.5,3,1.5,2.5,3.5,5,3.5,Scott,good fries,32.7486959,-117.1297798
Lucha Libre North Park,Surf & Turf,Seafood,42612,North Park,3016 University Ave,"3016 University Ave, North Park CA",https://www.yelp.com/biz/lucha-libre-san-diego,3.5,4.3,6.89,5,3,5,4.5,4.5,3,4,4.5,4,4.5,4,Brent,very little guac,32.7486959,-117.1297798
Lucha Libre North Park,Surf & Turf,Seafood,42612,North Park,3016 University Ave,"3016 University Ave, North Park CA",https://www.yelp.com/biz/lucha-libre-san-diego,3.5,4.3,4.99,3.5,3,3,3,3,2.5,2,2.5,3,4,2.8,Emily,Too much tortilla per bite,32.7486959,-117.1297798
Lucha Libre North Park,Surf & Turf,Seafood,42612,North Park,3016 University Ave,"3016 University Ave, North Park CA",https://www.yelp.com/biz/lucha-libre-san-diego,3.5,4.3,5.29,3.5,2.5,4.5,2,3,2.5,1.5,3,2,4.5,2.5,Scott,it does taste homemade. but that's not a good thing,32.7486959,-117.1297798
Lucha Libre North Park,Surf & Turf,Seafood,42612,North Park,3016 University Ave,"3016 University Ave, North Park CA",https://www.yelp.com/biz/lucha-libre-san-diego,3.5,4.3,7.49,2,4,5,4.5,3.5,3.5,2,3.5,4,5,4,Scott,,32.7486959,-117.1297798
Lucha Libre North Park,Surfin California,California,42612,North Park,3016 University Ave,"3016 University Ave, North Park CA",https://www.yelp.com/biz/lucha-libre-san-diego,3.5,4.3,7.49,2.5,3.5,5,4,3,4,4.5,3,3.5,5,4,TJ,,32.7486959,-117.1297798
Lucha Libre North Park,Surfin California,California,42612,North Park,3016 University Ave,"3016 University Ave, North Park CA",https://www.yelp.com/biz/lucha-libre-san-diego,3.5,4.3,6.5,3.5,2.5,4,3.5,4,4,3,1.5,3.5,5,3.6,Scott,really good guac,32.7486959,-117.1297798
Lucha Libre North Park,Surfin California,California,42612,North Park,3016 University Ave,"3016 University Ave, North Park CA",https://www.yelp.com/biz/lucha-libre-san-diego,3.5,4.3,6.5,5,4.5,4.5,3.5,4,4,3.5,4,4,4,4,Brent,,32.7486959,-117.1297798
Lucha Libre North Park,Surfin California,California,42612,North Park,3016 University Ave,"3016 University Ave, North Park CA",https://www.yelp.com/biz/lucha-libre-san-diego,3.5,4.3,6.25,3.5,2.5,3.5,3,3,5,4.5,3.5,2,5,2.9,Scott,"guac is good, very avocado-y",32.7486959,-117.1297798
Lucha Libre North Park,Surfin California,California,42612,North Park,3016 University Ave,"3016 University Ave, North Park CA",https://www.yelp.com/biz/lucha-libre-san-diego,3.5,4.3,6.25,3,3,4,4,3,3.5,4.5,4,4,5,4,Emily,feels very dense; a lot of meat,32.7486959,-117.1297798
Lucha Libre North Park,Surfin California,California,42612,North Park,3016 University Ave,"3016 University Ave, North Park CA",https://www.yelp.com/biz/lucha-libre-san-diego,3.5,4.3,5.99,4,4,4.5,2.5,2.5,2.5,1.5,3,4,5,3,Scott,Repeatedly get large bites of sour cream,32.7486959,-117.1297798
Lucha Libre North Park,Surfin California,California,42612,North Park,3016 University Ave,"3016 University Ave, North Park CA",https://www.yelp.com/biz/lucha-libre-san-diego,3.5,4.3,5.69,3,4,4.5,3,3.5,4,3.5,2.5,4,4.5,4,Emily,Really good with lime,32.7486959,-117.1297798
Lucha Libre North Park,Nutty,Specialty,42612,North Park,3016 University Ave,"3016 University Ave, North Park CA",https://www.yelp.com/biz/lucha-libre-san-diego,3.5,4.3,7.99,3.5,1.5,4,3,3,1.5,4.5,2.5,3,1.5,3.2,Scott,,32.7486959,-117.1297798
Lucha Libre North Park,Veg Out,Vegetarian,42612,North Park,3016 University Ave,"3016 University Ave, North Park CA",https://www.yelp.com/biz/lucha-libre-san-diego,3.5,4.3,8.25,4,3,2.5,3,3,3,3,3.5,3,3,3,Hannah,,32.7486959,-117.1297798
Lucha Libre North Park,Veggie,Vegetarian,42612,North Park,3016 University Ave,"3016 University Ave, North Park CA",https://www.yelp.com/biz/lucha-libre-san-diego,3.5,4.3,8.25,3,5,3,5,4,2,2,5,2,2,2,Tammy,,32.7486959,-117.1297798
Lucha Libre North Park,Bean and cheese,Vegetarian,42612,North Park,3016 University Ave,"3016 University Ave, North Park CA",https://www.yelp.com/biz/lucha-libre-san-diego,3.5,4.3,8.25,3.9,2.1,1.9,2.6,2.4,2.9,3.2,4,2.5,3,2.4,Bankole,Not as good as the first time,32.7486959,-117.1297798
Lucha Libre North Park,California - Steak,California,42612,North Park,3016 University Ave,"3016 University Ave, North Park CA",https://www.yelp.com/biz/lucha-libre-san-diego,3.5,4.3,8.25,4,3,2.5,2,2.8,3.5,3.5,4,3,4,2.2,Melissa N,,32.7486959,-117.1297798
Lucha Libre North Park,California - Steak,California,42612,North Park,3016 University Ave,"3016 University Ave, North Park CA",https://www.yelp.com/biz/lucha-libre-san-diego,3.5,4.3,8.25,3.5,3.6,3.2,3.2,3.5,3.6,3.5,,3.8,3.9,3.6,Katie,,32.7486959,-117.1297798
Lucha Libre North Park,California - Pork Adobada,California,42612,North Park,3016 University Ave,"3016 University Ave, North Park CA",https://www.yelp.com/biz/lucha-libre-san-diego,3.5,4.3,8.25,3,3,3,4,3.5,3,2,3.5,3.5,4,3.9,Emily,thick chips,32.7486959,-117.1297798
Lucha Libre North Park,California - Pork Adobada,California,42612,North Park,3016 University Ave,"3016 University Ave, North Park CA",https://www.yelp.com/biz/lucha-libre-san-diego,3.5,4.3,8.25,4,3.5,2,4,3,5,5,4,4,5,3.5,Melissa G,Good guac,32.7486959,-117.1297798
Lucha Libre North Park,California - Pork Adobada,California,42612,North Park,3016 University Ave,"3016 University Ave, North Park CA",https://www.yelp.com/biz/lucha-libre-san-diego,3.5,4.3,8.25,4,4,3,3,3,3,2,3,3,4,3,Marc,"shrimp was questionable; salsa was mediocre to bad; overall ok, better than past burritos at lucha libre",32.7486959,-117.1297798
Lucha Libre North Park,California - Chicken,California,42612,North Park,3016 University Ave,"3016 University Ave, North Park CA",https://www.yelp.com/biz/lucha-libre-san-diego,3.5,4.3,8.25,1,3,2,4,3,5,5,4,3.5,5,3.5,Ashley G,good guac but fries could be better,32.7486959,-117.1297798
Lucha Libre North Park,California - Chicken,California,42612,North Park,3016 University Ave,"3016 University Ave, North Park CA",https://www.yelp.com/biz/lucha-libre-san-diego,3.5,4.3,8.25,2,3.5,2,5,3.5,4,2.5,3.5,3,3.5,3.5,Richard,probably positively biased by service,32.7486959,-117.1297798
Lucha Libre North Park,Holy Moly,Specialty,42612,North Park,3016 University Ave,"3016 University Ave, North Park CA",https://www.yelp.com/biz/lucha-libre-san-diego,3.5,4.3,8.25,3,5,4,4,4,3,3,4,4,4,4,Mike,,32.7486959,-117.1297798
Lucha Libre North Park,Holy Moly,Specialty,42612,North Park,3016 University Ave,"3016 University Ave, North Park CA",https://www.yelp.com/biz/lucha-libre-san-diego,3.5,4.3,8.25,1,4,3,3.5,3,5,4,2,3,4,3,Sankha G,,32.7486959,-117.1297798
Lucha Libre North Park,Holy Moly,Specialty,42612,North Park,3016 University Ave,"3016 University Ave, North Park CA",https://www.yelp.com/biz/lucha-libre-san-diego,3.5,4.3,7.5,3.8,3.8,4,4,4,4,4,4.5,4.5,4.5,4.4,Luis,,32.7486959,-117.1297798
Lucha Libre North Park,Holy Moly,Specialty,42612,North Park,3016 University Ave,"3016 University Ave, North Park CA",https://www.yelp.com/biz/lucha-libre-san-diego,3.5,4.3,6.95,3,5,5,,5,,5,4.5,5,3,4.5,Aga,,32.7486959,-117.1297798
Lucha Libre North Park,Holy Moly,Specialty,42612,North Park,3016 University Ave,"3016 University Ave, North Park CA",https://www.yelp.com/biz/lucha-libre-san-diego,3.5,4.3,5.25,3,4.5,4.5,,3.5,,3,4,3.5,5,3.25,Rob G,,32.7486959,-117.1297798
Lupe's Taco Shop,Hot cheetos,Specialty,42747,Linda Vista,7621 Linda Vista Rd,"7621 Linda Vista Rd, Linda Vista CA",https://www.yelp.com/biz/lupes-taco-shop-san-diego,3.5,4.5,3.75,5,4,3,,1,,3,3,2,3,2,Meghan,Bland,32.8014966,-117.1571964
Lupe's Taco Shop,Surfin California,California,42747,Linda Vista,7621 Linda Vista Rd,"7621 Linda Vista Rd, Linda Vista CA",https://www.yelp.com/biz/lupes-taco-shop-san-diego,3.5,4.5,7.5,2.5,3,3,5,3.5,3,3.5,4.5,4,4.5,3.9,Scott,"first bite sour cream, but probably the best steak I've had in a burrito",32.8014966,-117.1571964
Lupe's Taco Shop,California,California,42747,Linda Vista,7621 Linda Vista Rd,"7621 Linda Vista Rd, Linda Vista CA",https://www.yelp.com/biz/lupes-taco-shop-san-diego,3.5,4.5,7.5,5,3.5,3,2,3,3,2,4,2.5,5,3.5,Devleena,fries = 4,32.8014966,-117.1571964
Lupe's Taco Shop,Spicy a la Diabla,Specialty,42747,Linda Vista,7621 Linda Vista Rd,"7621 Linda Vista Rd, Linda Vista CA",https://www.yelp.com/biz/lupes-taco-shop-san-diego,3.5,4.5,7.5,4,2,3,3,3,4,3,4,3,5,3,Erik,,32.8014966,-117.1571964
Lupe's Taco Shop,TGunz,Specialty,42850,Linda Vista,7621 Linda Vista Rd,"7621 Linda Vista Rd, Linda Vista CA",https://www.yelp.com/biz/lupes-taco-shop-san-diego,3.5,4.5,7.5,4.5,3.5,4,4.5,4,3.5,3.5,4,4,4.5,4.25,Ricardo,,32.8014966,-117.1571964
Lupe's Taco Shop,TGunz,Specialty,42850,Linda Vista,7621 Linda Vista Rd,"7621 Linda Vista Rd, Linda Vista CA",https://www.yelp.com/biz/lupes-taco-shop-san-diego,3.5,4.5,7.5,2,4,5,5,4,4.5,4.5,5,4.5,4,4.5,Erin,,32.8014966,-117.1571964
Matador Mexican Food,Carnitas,Carnitas / Pork,42645,Morena,5201 Linda Vista Rd,"5201 Linda Vista Rd, Morena CA",https://www.yelp.com/biz/matador-mexican-grill-san-diego-2,4.5,4,7.5,4,3.5,2.5,3,4.5,3,2,5,4.5,3.5,2.5,Kelsey,,32.7653159,-117.1963665
Matador Mexican Food,Carne asada,Carne Asada / Beef,42645,Morena,5201 Linda Vista Rd,"5201 Linda Vista Rd, Morena CA",https://www.yelp.com/biz/matador-mexican-grill-san-diego-2,4.5,4,7.5,3,3.5,5,3.5,4,3,3,4,2.5,5,3,Javier,"large, bt feels good in my hands",32.7653159,-117.1963665
Mi Asador Mexican & Seafood ,California ,California,42487,Oceanside,4750 Oceanside Blvd,"4750 Oceanside Blvd, Oceanside CA",https://sites.google.com/site/miasador/,4.5,4.4,7.5,5,3.5,2,3.5,3.5,3,4,2,2,4,3.5,Sam A,,33.2165079,-117.2718828
Mi Asador Mexican & Seafood ,El Hawaiiano ,Specialty,42487,Oceanside,4750 Oceanside Blvd,"4750 Oceanside Blvd, Oceanside CA",https://sites.google.com/site/miasador/,4.5,4.4,7.5,3,2.5,2.5,3,2,2,1,5,1,5,1.5,Sage,all meat at bottom 1/8th,33.2165079,-117.2718828
Mikes Taco Club,California,California,42452,Ocean Beach,5060 Newport Ave,"5060 Newport Ave, Ocean Beach CA",http://www.mikestacoclub.com/menu/,4.5,4.9,7.5,4,5,3,5,5,3,2,2,3,5,4,Aaron S,,32.7476247,-117.252021
Mikes Taco Club,California,California,42452,Ocean Beach,5060 Newport Ave,"5060 Newport Ave, Ocean Beach CA",http://www.mikestacoclub.com/menu/,4.5,4.9,7.5,5,5,4,2,1,4,3,5,4,2,2,Jaeyoung,Ordered a specialty burrito and guess I was expecting an ordinary one! Sauce was good but overpowering; no veggies at all; overall just did not feel like a burrito.,32.7476247,-117.252021
Mister Falafel,Chicken Shawarma,Chicken,42719,Clairemont,4461 Clairemont Mesa Blvd,"4461 Clairemont Mesa Blvd, Clairemont CA",https://www.yelp.com/biz/mister-falafel-san-diego,4.5,4.6,7.5,4.5,4,4,3.5,4.5,4,4,5,4.5,4,4,Matteo,,32.8340519,-117.1956122
Mr. Ruribertos Taco Shop ,California,California,42714,Mission Beach,3202 Mission Blvd,"3202 Mission Blvd, Mission Beach CA",https://www.yelp.com/biz/ruribertos-taco-shop-san-diego,3.5,3.7,4.99,3.5,2.5,2.5,4,2.5,1,1,2,4,0,2.5,Scott,Everything is in spanish. Get a taco or sope,32.7721947,-117.2514332
Mr. Ruribertos Taco Shop ,Carne asada,Carne Asada / Beef,42714,Mission Beach,3202 Mission Blvd,"3202 Mission Blvd, Mission Beach CA",https://www.yelp.com/biz/ruribertos-taco-shop-san-diego,3.5,3.7,4.99,2.5,2,2.5,3.5,2,3,2.5,2,2.5,2.5,2.4,Emily,"Burritos cut in half, felt like a wrap instead of a burrito",32.7721947,-117.2514332
MXN on Washington,Bean and rice grande size,Vegetarian,42510,Hillcrest,,", Hillcrest CA",,,,6.45,3,4,5,3.5,3,3.5,3.5,4,2.5,4,3.5,Scott,Free salad,32.7478638,-117.1647094
Netos Mexican Food,California ,California,42516,San Marcos,325 S Rancho Santa Fe Rd,"325 S Rancho Santa Fe Rd, San Marcos CA",https://www.yelp.com/biz/netos-mexican-food-san-marcos,4.5,4.1,6.99,4,3,4.5,4,4,3.5,3,4,4,5,4,Emily,,33.1422262,-117.2013389
Netos Mexican Food,Carne adobada ,Carnitas / Pork,42516,San Marcos,325 S Rancho Santa Fe Rd,"325 S Rancho Santa Fe Rd, San Marcos CA",https://www.yelp.com/biz/netos-mexican-food-san-marcos,4.5,4.1,5.79,4,3,4.5,4,4,4,5,2.5,3,5,3.6,Scott,Fries are really good but the overall flavor is plain because lack of ingredients,33.1422262,-117.2013389
Nico's Taco Shop,California,California,42399,Carmel Valley,3860 Valley Centre Dr #404,"3860 Valley Centre Dr #404, Carmel Valley CA",http://www.yelp.com/biz/nicos-taco-shop-san-diego,3,2.9,5.79,4,4,3,4,2.5,3.5,4,2,2.5,5,3,Benni,,32.9388172,-117.2318495
Nico's Taco Shop,Carnitas,Carnitas / Pork,42399,Carmel Valley,3860 Valley Centre Dr #404,"3860 Valley Centre Dr #404, Carmel Valley CA",http://www.yelp.com/biz/nicos-taco-shop-san-diego,3,2.9,7.29,3.7,3.8,4.7,4,3.5,4.5,4,4,4.5,5,4,Luis,,32.9388172,-117.2318495
Ortiz's Taco Shop #2,California,California,42676,Pacific Beach,1313 Garnet Ave,"1313 Garnet Ave, Pacific Beach CA",https://www.yelp.com/biz/ortizs-taco-shop-san-diego-2,4,4.2,5.69,3,4,3,1.5,3,4,4.5,3.5,2,4.5,3,Ricardo,,32.7983334,-117.2458182
Ortiz's Taco Shop #2,California chicken,California,42676,Pacific Beach,1313 Garnet Ave,"1313 Garnet Ave, Pacific Beach CA",https://www.yelp.com/biz/ortizs-taco-shop-san-diego-2,4,4.2,7.15,4,2.5,2.5,3,2.8,2.5,3.5,,3,3.5,2.75,Emily,,32.7983334,-117.2458182
Ortiz's Taco Shop #2,California,California,42676,Pacific Beach,1313 Garnet Ave,"1313 Garnet Ave, Pacific Beach CA",https://www.yelp.com/biz/ortizs-taco-shop-san-diego-2,4,4.2,6.99,4,4.5,4,4.5,4.5,4.5,4.5,4.5,5,4,4.5,Mike,,32.7983334,-117.2458182
Ortiz's Taco Shop #2,California,California,42676,Pacific Beach,1313 Garnet Ave,"1313 Garnet Ave, Pacific Beach CA",https://www.yelp.com/biz/ortizs-taco-shop-san-diego-2,4,4.2,7.49,4.1,4,4.5,4.5,4.5,4.7,4.5,4.2,4.5,5,4.7,Luis,,32.7983334,-117.2458182
Oscar's Mexican food,California ,California,42393,San Marcos,225 S Rancho Santa Fe Rd,"225 S Rancho Santa Fe Rd, San Marcos CA",http://www.yelp.com/biz/oscars-mexican-food-san-marcos,3.5,3.3,7.9,3.5,4,5,4,4,3,4,3.5,4,4,4.2,Scott,Tortilla is burnt a bit but good. Pick is good,33.1452281,-117.2003865
Oscar's Mexican food,Carnitas,Carnitas / Pork,42393,San Marcos,225 S Rancho Santa Fe Rd,"225 S Rancho Santa Fe Rd, San Marcos CA",http://www.yelp.com/biz/oscars-mexican-food-san-marcos,3.5,3.3,7.9,3.5,4,3.5,4.5,4.5,3.5,3.5,3.5,4,3,4.3,Emily,Melted cheese is good. Cilantro is fresh,33.1452281,-117.2003865
Oscar's Mexican food,Carne asada,Carne Asada / Beef,42393,San Marcos,225 S Rancho Santa Fe Rd,"225 S Rancho Santa Fe Rd, San Marcos CA",http://www.yelp.com/biz/oscars-mexican-food-san-marcos,3.5,3.3,6.95,3.5,3.5,3.5,3,4,3,3,4.5,3.5,2,3.6,Scott,Alfajores dessert and horchata are super good,33.1452281,-117.2003865
Papa Chito's Mexican Food,California,California,42591,University City,3951 Governor Dr,"3951 Governor Dr, University City CA",https://www.yelp.com/biz/papa-chitos-mexican-food-san-diego,2.5,3.3,5.95,4,3.5,5,4.5,3.5,4,4.5,4.5,4,5,4,Richard,First burrito I enjoyed from top to bottom,32.853489,-117.203946
Papa Chito's Mexican Food,California,California,42591,University City,3951 Governor Dr,"3951 Governor Dr, University City CA",https://www.yelp.com/biz/papa-chitos-mexican-food-san-diego,2.5,3.3,5.49,4,3,5,3,3,2.5,4,3.5,3,5,3.1,Scott,Good because so cheap,32.853489,-117.203946
Pedro's Tacos,California Burrito,California,42512,Oceanside,,", Oceanside CA",,,,3.99,4.5,3.5,4,3,2.5,2.8,4,2.5,2.5,5,2.6,Emily,tamale isn't good,33.1958696,-117.3794834
Pokirrito,Pokirrito classic ,Carnitas / Pork,42519,Kearny Mesa,4646 Convoy St,"4646 Convoy St, Kearny Mesa CA",https://www.yelp.com/biz/pokirrito-san-diego-2,4,4.3,6.35,4,4,2.5,4,3,4.5,2,2,3,4,3,Erin,"Good tortilla, good amount of food, needed guac. or salsa to balance out density of fillings.",32.8252617,-117.1558833
Pokirrito,Mauna Lani,Specialty,42519,Kearny Mesa,4646 Convoy St,"4646 Convoy St, Kearny Mesa CA",https://www.yelp.com/biz/pokirrito-san-diego-2,4,4.3,5.99,2.5,3.2,3.8,4.5,2.8,4,2,1.8,3.5,5,4,Scott,Carnitas very good,32.8252617,-117.1558833
Pollos Maria,California,California,42396,Carlsbad,3055 Harding St,"3055 Harding St, Carlsbad CA",http://pollosmaria.com/,4,3.8,7.65,4.5,3.5,4.5,2.5,2.5,1,1.5,3,2.5,3,2.7,Scott,"The big size was too big of an appeal, but there's just not enough meat",33.1612269,-117.3443176
Pollos Maria,combo chicken,Chicken,42397,Carlsbad,3055 Harding St,"3055 Harding St, Carlsbad CA",http://pollosmaria.com/,4,3.8,6.6,3.5,4,4.5,4,4,4.5,5,4.5,4.5,4.5,4.25,Ricardo,,33.1612269,-117.3443176
Pollos Maria,Combo chicken,Chicken,42700,Carlsbad,3055 Harding St,"3055 Harding St, Carlsbad CA",http://pollosmaria.com/,4,3.8,6.3,4,4,3.6,4,4,4,4,,4,4,4.2,Luis,,33.1612269,-117.3443176
Pollos Maria,Carne asada,Carne Asada / Beef,42700,Carlsbad,3055 Harding St,"3055 Harding St, Carlsbad CA",http://pollosmaria.com/,4,3.8,6.6,3,4,4,5,5,4.5,3,2,4,4,4,Elynn,,33.1612269,-117.3443176
Porkyland ,Deborah's special,Specialty,42462,Carmel Valley,4645 Carmel Mountain Rd,"4645 Carmel Mountain Rd, Carmel Valley CA",http://goporkyland.com/,4,4.4,5.99,4,3.5,3.5,2,3,4.5,4.5,3,3,5,3.2,Scott,get the carnitas,32.9203273,-117.2140079
Porkyland ,Chicken nopalito,Chicken,42462,Carmel Valley,4645 Carmel Mountain Rd,"4645 Carmel Mountain Rd, Carmel Valley CA",http://goporkyland.com/,4,4.4,7.9,4,4,4,4,4,4.5,4,4,4,2.5,4.2,Scott,Best horchata. Fries are great. Chips are really good,32.9203273,-117.2140079
Porkyland ,Chicken nopalito,Chicken,42462,Carmel Valley,4645 Carmel Mountain Rd,"4645 Carmel Mountain Rd, Carmel Valley CA",http://goporkyland.com/,4,4.4,7.9,3,4,4,3.5,4.5,4,3.5,2.5,4,1.5,4,Emily,"Chips really good, really good but a little bit spicy chipotle. Very good horchata",32.9203273,-117.2140079
Porkyland ,California,California,42462,Carmel Valley,4645 Carmel Mountain Rd,"4645 Carmel Mountain Rd, Carmel Valley CA",http://goporkyland.com/,4,4.4,6.6,3.2,1.4,3.7,3,3.2,4.8,2.4,3,2.9,3,3,Scott,,32.9203273,-117.2140079
"Qdoba Mexican Grill, Seatac Airport",Custom,Specialty,42448,Seattle,Airport,"Airport, Seattle CA",,,,6.6,4,4,3.5,3.5,3.5,4,3,3.5,3.5,4.5,3,Brent,Salsa too spicy,47.4502499,-122.3088165
Raul's Mexican food,Chile verde pork,Carnitas / Pork,42440,Encinitas,490 S Coast Hwy 101,"490 S Coast Hwy 101, Encinitas CA",https://www.yelp.com/biz/rauls-shack-encinitas,4,4.2,6.1,4,3.5,3.5,2,3.5,4.5,3.5,3,3.5,4,3.3,Scott ,,33.0461712,-117.2941785
Raul's Mexican food,carne asada,Carne Asada / Beef,42440,Encinitas,490 S Coast Hwy 101,"490 S Coast Hwy 101, Encinitas CA",https://www.yelp.com/biz/rauls-shack-encinitas,4,4.2,6.25,4,3.5,4,2.5,3,1.5,2.5,2.5,2.8,5,3.2,Scott ,,33.0461712,-117.2941785
Rigoberto's Taco Shop,Carne asada,Carne Asada / Beef,42437,Miramar,7094 Miramar Rd,"7094 Miramar Rd, Miramar CA",https://www.yelp.com/biz/rigobertos-taco-shop-san-diego-2,4,4.4,6.5,4,3,2.5,2.5,3,4,3.5,2.5,3,5,3.3,Scott,The burrito looked beautiful when it came out. Chicken didn't add anything. would probably get the regular,32.8798199,-117.1616766
Rigoberto's Taco Shop,Campeon,Carne Asada / Beef,42437,Miramar,7094 Miramar Rd,"7094 Miramar Rd, Miramar CA",https://www.yelp.com/biz/rigobertos-taco-shop-san-diego-2,4,4.4,5.5,4,3.5,5,3,3,3.5,3.5,2,4,5,3.5,Devleena,,32.8798199,-117.1616766
Rigoberto's Taco Shop,California ,California,42463,Miramar,7094 Miramar Rd,"7094 Miramar Rd, Miramar CA",https://www.yelp.com/biz/rigobertos-taco-shop-san-diego-2,4,4.4,5.5,2,3,5,3,4,2,2,2,4.5,4,3.5,Sankha G,,32.8798199,-117.1616766
Rigoberto's Taco Shop,Adobada,Carnitas / Pork,42463,Miramar,7094 Miramar Rd,"7094 Miramar Rd, Miramar CA",https://www.yelp.com/biz/rigobertos-taco-shop-san-diego-2,4,4.4,4.95,3,3.5,5,4,4,3.78,5,,4.7,5,4.2,Sage,chicken and rice burrito. simple and delicious. ,32.8798199,-117.1616766
Rigoberto's Taco Shop,California,California,42467,Miramar,7094 Miramar Rd,"7094 Miramar Rd, Miramar CA",https://www.yelp.com/biz/rigobertos-taco-shop-san-diego-2,4,4.4,6.99,3.5,3,3,3,3,3.7,3.5,3.8,3,5,3.5,Scott,Pretty decent,32.8798199,-117.1616766
Rigoberto's Taco Shop,Surf & Turf,Seafood,42467,Miramar,7094 Miramar Rd,"7094 Miramar Rd, Miramar CA",https://www.yelp.com/biz/rigobertos-taco-shop-san-diego-2,4,4.4,,3.5,4,5,4.5,4.2,4.7,4.4,4,4.9,5,4.6,Sage,one if the best breakfast burritos I've ever had,32.8798199,-117.1616766
Rigoberto's Taco Shop,El Rusio,Specialty,42503,Miramar,7094 Miramar Rd,"7094 Miramar Rd, Miramar CA",https://www.yelp.com/biz/rigobertos-taco-shop-san-diego-2,4,4.4,6.5,3,3,4.5,3.5,1.5,1.5,2,3.2,2,4.5,2.2,Scott,Peppers not cooked enough,32.8798199,-117.1616766
Rigoberto's Taco Shop,Carne asada,Carne Asada / Beef,42503,Miramar,7094 Miramar Rd,"7094 Miramar Rd, Miramar CA",https://www.yelp.com/biz/rigobertos-taco-shop-san-diego-2,4,4.4,5.5,3,3,4,4.5,3,2,4,4.5,3.5,4.5,3.5,Ricardo,Very plain burrito,32.8798199,-117.1616766
Rigoberto's Taco Shop,Carne asada,Carne Asada / Beef,42503,Miramar,7094 Miramar Rd,"7094 Miramar Rd, Miramar CA",https://www.yelp.com/biz/rigobertos-taco-shop-san-diego-2,4,4.4,4.99,4,4.5,5,3,3,3,2.5,0,2.5,5,3,Sage,pretty standard breakfast burrito. eggs and cheese. great tortilla! morning protein!,32.8798199,-117.1616766
Rigoberto's Taco Shop,Carnitas,Carnitas / Pork,42503,Miramar,7094 Miramar Rd,"7094 Miramar Rd, Miramar CA",https://www.yelp.com/biz/rigobertos-taco-shop-san-diego-2,4,4.4,6.95,4,4,2,4,3,4,5,3,3,4,4,Elynn,,32.8798199,-117.1616766
Rigoberto's Taco Shop,Bacon breakfast,Breakfast,42503,Miramar,7094 Miramar Rd,"7094 Miramar Rd, Miramar CA",https://www.yelp.com/biz/rigobertos-taco-shop-san-diego-2,4,4.4,7,4,3,3,3.5,4,4,3,3,4,3.5,5,Hannah,,32.8798199,-117.1616766
Rigoberto's Taco Shop,Chile Relleno,Vegetarian,42503,Miramar,7094 Miramar Rd,"7094 Miramar Rd, Miramar CA",https://www.yelp.com/biz/rigobertos-taco-shop-san-diego-2,4,4.4,5.95,3,4,3,4,3,4,2,3.5,3,5,3.9,Scott,,32.8798199,-117.1616766
Rigoberto's Taco Shop,Fish,Seafood,42503,Miramar,7094 Miramar Rd,"7094 Miramar Rd, Miramar CA",https://www.yelp.com/biz/rigobertos-taco-shop-san-diego-2,4,4.4,6.99,3.5,2,5,4.2,3,4.7,5,3.7,4.2,5,4,Sage,,32.8798199,-117.1616766
Rigoberto's Taco Shop,Al pastor,Carnitas / Pork,42114,Miramar,7094 Miramar Rd,"7094 Miramar Rd, Miramar CA",https://www.yelp.com/biz/rigobertos-taco-shop-san-diego-2,4,4.4,,4.5,3,4,4,4,4,4,4,4,3,4,Marc,,32.8798199,-117.1616766
Rigoberto's Taco Shop,Campeon,Carne Asada / Beef,42640,Miramar,7094 Miramar Rd,"7094 Miramar Rd, Miramar CA",https://www.yelp.com/biz/rigobertos-taco-shop-san-diego-2,4,4.4,,2,2,4,3,4,4,4,3,4,4,3,Jeremy,,32.8798199,-117.1616766
Rigoberto's Taco Shop,California,California,42640,Miramar,7094 Miramar Rd,"7094 Miramar Rd, Miramar CA",https://www.yelp.com/biz/rigobertos-taco-shop-san-diego-2,4,4.4,,3,5,5,,3,2,2,,1,5,2,Shijia,,32.8798199,-117.1616766
Rigoberto's Taco Shop,Bacon breakfast,Breakfast,42640,Miramar,7094 Miramar Rd,"7094 Miramar Rd, Miramar CA",https://www.yelp.com/biz/rigobertos-taco-shop-san-diego-2,4,4.4,7.49,4,2,3.5,4.2,4.3,4,2.2,4.5,4,2.2,4.2,Scott,Much better than the first time we tried this location ,32.8798199,-117.1616766
Rigoberto's Taco Shop,Carnitas,Carnitas / Pork,42640,Miramar,7094 Miramar Rd,"7094 Miramar Rd, Miramar CA",https://www.yelp.com/biz/rigobertos-taco-shop-san-diego-2,4,4.4,7.49,2,3.8,3.8,4,4.2,3.75,4,4.75,4.4,3.8,4.2,Emily,Possibly favorite green salsa so far,32.8798199,-117.1616766
Rigoberto's Taco Shop,California,California,42739,Miramar,7094 Miramar Rd,"7094 Miramar Rd, Miramar CA",https://www.yelp.com/biz/rigobertos-taco-shop-san-diego-2,4,4.4,5.99,4,3,4.5,3.7,2.8,5,4.5,3,2.3,4.5,3,Scott,,32.8798199,-117.1616766
Rigoberto's Taco Shop,Chile Relleno,Vegetarian,42739,Miramar,7094 Miramar Rd,"7094 Miramar Rd, Miramar CA",https://www.yelp.com/biz/rigobertos-taco-shop-san-diego-2,4,4.4,5.99,2,2,4,4.5,4,4,3,4,4,2,4,Elynn,,32.8798199,-117.1616766
Rigoberto's Taco Shop,California,California,42872,Miramar,7094 Miramar Rd,"7094 Miramar Rd, Miramar CA",https://www.yelp.com/biz/rigobertos-taco-shop-san-diego-2,4,4.4,6.39,4,4,4,4,4,4.5,4.5,4.2,4.5,4.5,4.25,Scott,,32.8798199,-117.1616766
Rigoberto's Taco Shop,California,California,42872,Miramar,7094 Miramar Rd,"7094 Miramar Rd, Miramar CA",https://www.yelp.com/biz/rigobertos-taco-shop-san-diego-2,4,4.4,6.39,4.25,2,4,3.7,2,4,4.5,4.5,2.7,5,2.66,Sage,,32.8798199,-117.1616766
Rigoberto's Taco Shop,California ,California,42983,Miramar,7094 Miramar Rd,"7094 Miramar Rd, Miramar CA",https://www.yelp.com/biz/rigobertos-taco-shop-san-diego-2,4,4.4,6.39,4.5,3,4.4,4,4,4.5,4.2,4.3,4,5,4.2,Shijia,,32.8798199,-117.1616766
Rigoberto's Taco Shop,California ,California,42983,Miramar,7094 Miramar Rd,"7094 Miramar Rd, Miramar CA",https://www.yelp.com/biz/rigobertos-taco-shop-san-diego-2,4,4.4,6.39,4.75,2,,3.5,3,5,4,2,3.5,3.5,3.5,Jeremy,,32.8798199,-117.1616766
Rigoberto's Taco Shop La Jolla,California,California,42417,La Jolla,7345 La Jolla Blvd,"7345 La Jolla Blvd, La Jolla CA",https://www.yelp.com/biz/rigobertos-la-jolla-2,2.5,4,7.35,2.3,4,4,3.5,2,1.5,2,2,3,1.2,3.1,Scott,,32.8372328,-117.2780597
Rigoberto's Taco Shop La Jolla,California,California,42417,La Jolla,7345 La Jolla Blvd,"7345 La Jolla Blvd, La Jolla CA",https://www.yelp.com/biz/rigobertos-la-jolla-2,2.5,4,6.7,3.75,3.5,4,4,3,3.75,4,3,3.5,4.5,3.75,Emily,,32.8372328,-117.2780597
Rigoberto's Taco Shop La Jolla,California,California,42781,La Jolla,7345 La Jolla Blvd,"7345 La Jolla Blvd, La Jolla CA",https://www.yelp.com/biz/rigobertos-la-jolla-2,2.5,4,6.25,4,2.5,4,3.75,4,3.75,5,4,4,5,3.9,Scott,,32.8372328,-117.2780597
Rigoberto's Taco Shop La Jolla,California,California,42781,La Jolla,7345 La Jolla Blvd,"7345 La Jolla Blvd, La Jolla CA",https://www.yelp.com/biz/rigobertos-la-jolla-2,2.5,4,6.25,4,3,,4,4,4,4,2,3,5,4,Ant,,32.8372328,-117.2780597
Roberto's Taco Shop Clairemont,California,California,42624,Clairemont,3095 Clairemont Dr,"3095 Clairemont Dr, Clairemont CA",https://www.yelp.com/biz/robertos-taco-shop-clairemont-san-diego,4,4,6.25,3,4,4,2,2,4,3,3,3,5,3,Erik,,32.7973995,-117.192783
Roberto's Taco Shop Clairemont,California,California,42624,Clairemont,3095 Clairemont Dr,"3095 Clairemont Dr, Clairemont CA",https://www.yelp.com/biz/robertos-taco-shop-clairemont-san-diego,4,4,6.25,4,4,4,,3.5,3.5,4,4,4,4,4,Tom,,32.7973995,-117.192783
Roberto's Taco Shop Clairemont,California + Guac + sour cream,California,42624,Clairemont,3095 Clairemont Dr,"3095 Clairemont Dr, Clairemont CA",https://www.yelp.com/biz/robertos-taco-shop-clairemont-san-diego,4,4,10.5,3,2,2.5,3.3,3.5,1.5,4,2.5,2.5,3,3.1,Scott,Big roach on the floor while eating. Good prep took quite a long time. Cut in half!,32.7973995,-117.192783
Roberto's Taco Shop Clairemont,Carne asada,Carne Asada / Beef,42624,Clairemont,3095 Clairemont Dr,"3095 Clairemont Dr, Clairemont CA",https://www.yelp.com/biz/robertos-taco-shop-clairemont-san-diego,4,4,6.75,3,4.5,4.7,4.5,3.5,4,4.5,4.5,3.5,5,4.2,Scott,,32.7973995,-117.192783
Roberto's Taco Shop Hillcrest,Asada,Carne Asada / Beef,42885,Hillcrest,420 Robinson Ave,"420 Robinson Ave, Hillcrest CA",https://www.yelp.com/biz/robertos-taco-shop-hillcrest-san-diego,4,4.2,7.9,4,5,5,4,5,5,3,4,5,3,5,Justin K,,32.7470511,-117.1678119
Roberto's Taco Shop Hillcrest,California Surf and Turf,California,42885,Hillcrest,420 Robinson Ave,"420 Robinson Ave, Hillcrest CA",https://www.yelp.com/biz/robertos-taco-shop-hillcrest-san-diego,4,4.2,7.9,4,3,5,5,4,5,4,3,5,2,4.5,Shreejoy,,32.7470511,-117.1678119
Roberto's Taco Shop Hillcrest,California,California,42885,Hillcrest,420 Robinson Ave,"420 Robinson Ave, Hillcrest CA",https://www.yelp.com/biz/robertos-taco-shop-hillcrest-san-diego,4,4.2,7.9,4,4,4,3,4,4,4,3,3,4,4,@synapticlee,,32.7470511,-117.1678119
Roberto's Taco Shop Hillcrest,Golden State,Specialty,42961,Hillcrest,420 Robinson Ave,"420 Robinson Ave, Hillcrest CA",https://www.yelp.com/biz/robertos-taco-shop-hillcrest-san-diego,4,4.2,7.9,3.5,4,3.5,4.7,4,4.5,4.5,4.5,4,3.5,4.7,@danjlurie,,32.7470511,-117.1678119
Roberto's Taco Shop Hillcrest,California,California,42961,Hillcrest,420 Robinson Ave,"420 Robinson Ave, Hillcrest CA",https://www.yelp.com/biz/robertos-taco-shop-hillcrest-san-diego,4,4.2,6.99,4.3,4.8,5,4,4.4,5,4,4.3,4.3,5,4.5,Scott,Sour cream is surprisingly good. Avocado salsa works very well on the burrito,32.7470511,-117.1678119
Roberto's Very Mexican Food,Chicken asada,Chicken,42514,Del Mar,2206 Carmel Valley Road,"2206 Carmel Valley Road, Del Mar CA",https://www.yelp.com/biz/robertos-very-mexican-food-del-mar-2,3.5,3.9,6.99,4,4.5,4.5,4,4.5,4,4,3.5,4.5,5,4.5,Emily,,32.9342398,-117.2551306
Roberto's Very Mexican Food,Carnitas,Carnitas / Pork,42514,Del Mar,2206 Carmel Valley Road,"2206 Carmel Valley Road, Del Mar CA",https://www.yelp.com/biz/robertos-very-mexican-food-del-mar-2,3.5,3.9,6.25,3,3.5,5,4,3,4,3,3.5,3.5,3,3.7,Scott,,32.9342398,-117.2551306
Rubios UCSD,Tilapia one,Seafood,42612,UTC,9500 Gilman Dr,"9500 Gilman Dr, UTC CA",https://www.yelp.com/biz/rubios-la-jolla-4,3.5,3.4,7.25,4,4,4,5,4.5,4,3.5,5,4.5,5,4.4,Richard,,32.8800604,-117.2340135
Rubios UCSD,Grilled fish salmon,Seafood,42872,UTC,9500 Gilman Dr,"9500 Gilman Dr, UTC CA",https://www.yelp.com/biz/rubios-la-jolla-4,3.5,3.4,7,3.5,4,4,3.5,4,4,3.5,4.5,4,3.5,3.7,Tom,,32.8800604,-117.2340135
Rudy's Taco Shop,Chicken,Chicken,42469,Solana Beach,524 Stevens Ave,"524 Stevens Ave, Solana Beach CA",http://www.rudystacoshop.com/,4,4.3,6.99,3.5,3.5,2.5,4,3.5,3,2.5,2.5,4.5,0.5,3.8,Scott,Started off really great but ended with poor uniformity and wrap integrity,32.9903956,-117.2605899
Rudy's Taco Shop,Carnitas,Carnitas / Pork,42469,Solana Beach,524 Stevens Ave,"524 Stevens Ave, Solana Beach CA",http://www.rudystacoshop.com/,4,4.3,6.49,3,3.5,4,3,4,3.5,4,3,4,4.5,3.5,Emily,Just way too small,32.9903956,-117.2605899
Saguaro's ,Vegetarian,Vegetarian,42541,San Diego,3753 30th St,"3753 30th St, San Diego CA",,,,5.99,3.5,2,3,3.8,2.5,2.5,3,2.5,3,2.6,3.2,Scott,,32.7464522,-117.1298647
Senor Grubby's,California,California,42484,Carlsbad,377 Carlsbad Village Dr,"377 Carlsbad Village Dr, Carlsbad CA",eatgrubbys.com,4,4.1,5.65,3,4,1.5,2,3,4.2,4,3,2,4.5,2.7,Scott,Horchata tasted like bubble gum,33.1586417,-117.3499185
Senor Grubby's,Pastor,Carnitas / Pork,42484,Carlsbad,377 Carlsbad Village Dr,"377 Carlsbad Village Dr, Carlsbad CA",eatgrubbys.com,4,4.1,5.49,3,4.5,5,2,2,2.5,3.5,3,2.5,3,2,Richard,Meat is squishy,33.1586417,-117.3499185
Senor Panchos,Pollo asado,Chicken,42603,San Marcos,1909 W San Marcos Blvd,"1909 W San Marcos Blvd, San Marcos CA",https://www.yelp.com/biz/senor-panchos-mexican-restaurant-san-marcos,4,4.2,7.75,4,3.5,2.5,3,3.3,1.4,2.3,2.2,3.3,4.5,2.9,Scott,,33.1314939,-117.2095632
Senor Panchos,California,California,42603,San Marcos,1909 W San Marcos Blvd,"1909 W San Marcos Blvd, San Marcos CA",https://www.yelp.com/biz/senor-panchos-mexican-restaurant-san-marcos,4,4.2,7.75,4,4,4.5,2,2,3.5,3.5,2,2,4,3,Brent,"Carrots are bad, got better as it went on",33.1314939,-117.2095632
Sotos Mexican Food,California,California,42494,Miramar ,6904 Miramar Rd,"6904 Miramar Rd, Miramar  CA",https://www.yelp.com/biz/sotos-mexican-food-san-diego,4.5,4.6,6.99,3.7,3.6,4,4,3,3.8,4.3,,3.8,2,3.5,Scott,Richard recommended this. Like a Mediterranean burrito,32.8791407,-117.1673854
Sotos Mexican Food,Pastor,Carnitas / Pork,42494,Miramar ,6904 Miramar Rd,"6904 Miramar Rd, Miramar  CA",https://www.yelp.com/biz/sotos-mexican-food-san-diego,4.5,4.6,6.6,,4,4.5,4,3.5,3.5,5,1.5,3.5,4.5,3.7,Scott,Usually better. Too much enchilada sauce this time,32.8791407,-117.1673854
Storehouse Kitchen ,Breakfast,Breakfast,42660,La  Jolla,2236 Avenida De La Playa,"2236 Avenida De La Playa, La  Jolla CA",,,,6.6,,4,2,,4,,4.6,4.2,3.75,5,3.9,Sage,Orange salsa very spicy,32.854021,-117.2546369
Taco Stand,California,California,42412,La Jolla,621 Pearl St,"621 Pearl St, La Jolla CA",http://letstaco.com/,4.5,4.4,8.5,3.9,3,4.5,4.1,3,3.7,4,4.3,4.2,5,3.9,Scott,Fresca and verde salsas are the best,32.8393518,-117.2768191
Taco Stand,Surf and turf ,Seafood,42412,La Jolla,621 Pearl St,"621 Pearl St, La Jolla CA",http://letstaco.com/,4.5,4.4,7.9,4,3.5,4,4,3,4,4.5,4,3.8,4.8,3.8,Emily,Pastor is dry,32.8393518,-117.2768191
Taco Stand,California,California,42428,Kearny Mesa,7305 Clairemont Mesa Blvd,"7305 Clairemont Mesa Blvd, Kearny Mesa CA",http://lolitasmexicanfood.com/,4,4.4,4.99,3.5,2.5,4.5,3,2.5,3,3,2,2,4,3,Scott,Somehow way better when it was leftover,32.8316432,-117.1605738
Taco Stand,California,California,42428,Kearny Mesa,7305 Clairemont Mesa Blvd,"7305 Clairemont Mesa Blvd, Kearny Mesa CA",http://lolitasmexicanfood.com/,4,4.4,7.29,3.5,3,2,3.5,3.5,3,2.5,3.7,3.2,4.2,3.7,Scott,"Cheese is cold, but guac, salsa, and chips are good",32.8316432,-117.1605738
Taco stand,Carne asada,Carne Asada / Beef,42447,San Diego,3695 India St,"3695 India St, San Diego CA",http://elindiosandiego.com/,3.5,3.9,7.89,3,4,5,4.5,4,4.5,3.5,3,4.5,2.5,4.25,Richard,quality ingredients,32.7423252,-117.180125
Taco stand,Al pastor,Carnitas / Pork,42447,San Diego,3695 India St,"3695 India St, San Diego CA",http://elindiosandiego.com/,3.5,3.9,7.49,3.7,4,3.5,3.9,4,3.7,2,3.5,4,4,3.9,Tom,tons of french fries,32.7423252,-117.180125
Taco stand,Carne asada,Carne Asada / Beef,42474,San Diego,3695 India St,"3695 India St, San Diego CA",http://elindiosandiego.com/,3.5,3.9,7.49,5,4,4,4,2,3,0,,1,2,2,Rob L,way too spicy,32.7423252,-117.180125
Taco stand,Carne asada,Carne Asada / Beef,42474,San Diego,3695 India St,"3695 India St, San Diego CA",http://elindiosandiego.com/,3.5,3.9,7.9,3.5,4.5,5,4,3.5,4,2.8,4,4.5,3.7,4.2,Scott,,32.7423252,-117.180125
Taco stand,California,California,46137,San Diego,3695 India St,"3695 India St, San Diego CA",http://elindiosandiego.com/,3.5,3.9,7.9,2,4.2,4,4.2,3.8,4,3,3.8,4.5,5,4.2,Emily,,32.7423252,-117.180125
Taco stand,California,California,42496,San Diego,3695 India St,"3695 India St, San Diego CA",http://elindiosandiego.com/,3.5,3.9,5.99,4.5,2,4,2.5,3.5,4.5,3,2,1.5,3.4,3.1,Scott,,32.7423252,-117.180125
Taco stand,California,California,42496,San Diego,3695 India St,"3695 India St, San Diego CA",http://elindiosandiego.com/,3.5,3.9,6.99,3.5,2.5,4.5,4,4,2,3,3,3,4,3,Ricardo ,,32.7423252,-117.180125
Taco stand,California,California,42496,San Diego,3695 India St,"3695 India St, San Diego CA",http://elindiosandiego.com/,3.5,3.9,6.85,3.5,3,2,3.5,3.5,4,3,3.5,3.5,4.5,3.6,Scott,,32.7423252,-117.180125
Taco stand,California,California,42496,San Diego,3695 India St,"3695 India St, San Diego CA",http://elindiosandiego.com/,3.5,3.9,6.85,4,5,5,4.5,4,5,4,4,5,5,4.3,Nihal,,32.7423252,-117.180125
Taco stand,California,California,42496,San Diego,3695 India St,"3695 India St, San Diego CA",http://elindiosandiego.com/,3.5,3.9,,4.3,3,3,3.5,4,3,1.5,3.8,4,5,4,Scott,Salsa much better this time than before,32.7423252,-117.180125
Taco stand,Carne asada,Carne Asada / Beef,42496,San Diego,3695 India St,"3695 India St, San Diego CA",http://elindiosandiego.com/,3.5,3.9,7.19,4.5,4,2,3,3.8,3.5,2,4,4,4,3.5,Scott,,32.7423252,-117.180125
Taco stand,Shrimp,Seafood,42496,San Diego,3695 India St,"3695 India St, San Diego CA",http://elindiosandiego.com/,3.5,3.9,7.9,2.5,3,4.5,4.3,4,3,3.1,3.9,4.2,3,4.1,Scott,,32.7423252,-117.180125
Taco Stand,Al pastor,Carnitas / Pork,42527,San Diego,3695 India St,"3695 India St, San Diego CA",http://elindiosandiego.com/,3.5,3.9,7.9,3,3,3.5,4.5,4,4,4,4,4,3.5,4,Emily,,32.7423252,-117.180125
Taco Stand,Al pastor,Carnitas / Pork,42527,San Diego,3695 India St,"3695 India St, San Diego CA",http://elindiosandiego.com/,3.5,3.9,7.9,3,5,5,5,4,5,4,4,5,4,5,Audrey L,,32.7423252,-117.180125
Taco Stand,California ,California,42599,San Diego,3695 India St,"3695 India St, San Diego CA",http://elindiosandiego.com/,3.5,3.9,7.9,3,3.5,4,4,4,4.5,3.5,4,3.5,4,4,Spencer,,32.7423252,-117.180125
Taco Stand,California ,California,42599,San Diego,3695 India St,"3695 India St, San Diego CA",http://elindiosandiego.com/,3.5,3.9,7.35,3.5,3.5,3,3.5,3,4.5,4.5,4,4,5,3.75,Emily,,32.7423252,-117.180125
Taco Stand,Al Pastor,Carnitas / Pork,42629,San Diego,3695 India St,"3695 India St, San Diego CA",http://elindiosandiego.com/,3.5,3.9,6.35,3.5,4,3,3,3,2.5,3,3.5,2.8,5,3.1,Scott,,32.7423252,-117.180125
Taco Stand,California,California,42629,San Diego,3695 India St,"3695 India St, San Diego CA",http://elindiosandiego.com/,3.5,3.9,7.5,4,3,,4,4,3,5,3,4,5,4.1,Erik,,32.7423252,-117.180125
Taco Stand,California ,California,43098,San Diego,3695 India St,"3695 India St, San Diego CA",http://elindiosandiego.com/,3.5,3.9,6.5,4.5,4.5,3,3.5,4.5,3.5,4,3.5,4.3,4.3,4.1,Scott,,32.7423252,-117.180125
Taco Stand,California ,California,43098,San Diego,3695 India St,"3695 India St, San Diego CA",http://elindiosandiego.com/,3.5,3.9,6.5,4,4,3.5,4.5,4,3.5,4.5,4,4,4.5,4,Ricardo,,32.7423252,-117.180125
Taco Stand Encinitas,California ,California,42672,Encinitas ,642 S Coast Hwy 101,"642 S Coast Hwy 101, Encinitas  CA",https://www.yelp.com/biz/the-taco-stand-encinitas,4,4.4,4.75,4,4,4,4.5,4.3,4.5,4.5,4.8,4.8,5,4.5,Luis,,33.0441037,-117.2938481
Taco Stand Encinitas,California ,California,42672,Encinitas ,642 S Coast Hwy 101,"642 S Coast Hwy 101, Encinitas  CA",https://www.yelp.com/biz/the-taco-stand-encinitas,4,4.4,6.75,4,4,4,4,3.5,3.5,3,2,3.5,3.5,3.5,Hannah,,33.0441037,-117.2938481
Taco Stand Encinitas,California,California,42896,Encinitas ,642 S Coast Hwy 101,"642 S Coast Hwy 101, Encinitas  CA",https://www.yelp.com/biz/the-taco-stand-encinitas,4,4.4,6.5,4,3,3,4,4,4,4,3,4,4,4,Clark,,33.0441037,-117.2938481
Taco Stand Encinitas ,California,California,42896,Encinitas ,642 S Coast Hwy 101,"642 S Coast Hwy 101, Encinitas  CA",https://www.yelp.com/biz/the-taco-stand-encinitas,4,4.4,6.75,4,3,5,5,,,5,,4,5,4.5,Justin C,,33.0441037,-117.2938481
Taco Surf PB,California,California,42513,Pacific Beach,4657 Mission Blvd,"4657 Mission Blvd, Pacific Beach CA",https://www.yelp.com/biz/taco-surf-taco-shop-san-diego,4,4.6,7.1,4,4.5,5,3.8,3.8,4,4,3.9,4.3,5,4.3,Scott,red-orange salsa has a slight fruity flavor that's really good,32.7988776,-117.2560148
Taco Surf PB,California,California,42513,Pacific Beach,4657 Mission Blvd,"4657 Mission Blvd, Pacific Beach CA",https://www.yelp.com/biz/taco-surf-taco-shop-san-diego,4,4.6,8.25,3.5,3.5,4,4,3,3.5,4.5,3.5,3.5,5,3.6,Emily,Rice was plain. Also don't like rice in burrito,32.7988776,-117.2560148
Taco Surf PB,Carne asada,Carne Asada / Beef,42513,Pacific Beach,4657 Mission Blvd,"4657 Mission Blvd, Pacific Beach CA",https://www.yelp.com/biz/taco-surf-taco-shop-san-diego,4,4.6,5.99,4,2,4.5,4.5,3,3.8,4.4,2.5,3.5,3,4,Scott,,32.7988776,-117.2560148
Taco Villa,Carnitas,Carnitas / Pork,42639,UTC,9500 Gilman Dr,"9500 Gilman Dr, UTC CA",https://www.yelp.com/biz/taco-villa-san-diego,3.5,3.5,5.99,4,4,4,4,3,4,3.5,2.5,3.5,5,3.5,Richard,,32.8800604,-117.2340135
Taco Villa,Al pastor,Carnitas / Pork,42642,UTC,9500 Gilman Dr,"9500 Gilman Dr, UTC CA",https://www.yelp.com/biz/taco-villa-san-diego,3.5,3.5,10,3,3,4,3.2,3.5,1.8,1.8,3.5,3.7,3.5,3.9,Scott,,32.8800604,-117.2340135
Taco Villa,Chicken and rice,Chicken,42655,UTC,9500 Gilman Dr,"9500 Gilman Dr, UTC CA",https://www.yelp.com/biz/taco-villa-san-diego,3.5,3.5,10,4.2,3,4.5,3.5,3.5,2.5,2,3,3.5,4.5,3.5,Ricardo,,32.8800604,-117.2340135
Taco Villa,California ,California,42660,UTC,9500 Gilman Dr,"9500 Gilman Dr, UTC CA",https://www.yelp.com/biz/taco-villa-san-diego,3.5,3.5,6.25,4.4,4.2,4.5,4,3,5,3.8,2.5,3,5,3.7,Scott,,32.8800604,-117.2340135
Taco Villa,Breakfast,Breakfast,42661,UTC,9500 Gilman Dr,"9500 Gilman Dr, UTC CA",https://www.yelp.com/biz/taco-villa-san-diego,3.5,3.5,6.25,3,4.5,4.5,3.7,3.5,4,3.5,3,4,4.5,4,Emily,,32.8800604,-117.2340135
Taco Villa,Carnitas,Carnitas / Pork,42670,UTC,9500 Gilman Dr,"9500 Gilman Dr, UTC CA",https://www.yelp.com/biz/taco-villa-san-diego,3.5,3.5,7.75,5,3.5,4.2,3.3,3.7,4,4,2.9,3,5,3.7,Scott ,,32.8800604,-117.2340135
Taco Villa,Tejano,Specialty,42670,UTC,9500 Gilman Dr,"9500 Gilman Dr, UTC CA",https://www.yelp.com/biz/taco-villa-san-diego,3.5,3.5,7.75,2.5,4,4,2.6,3.6,4,4,3.6,4,4,2.9,Luis,,32.8800604,-117.2340135
Taco Villa,Al pastor,Carnitas / Pork,42670,UTC,9500 Gilman Dr,"9500 Gilman Dr, UTC CA",https://www.yelp.com/biz/taco-villa-san-diego,3.5,3.5,8.25,3.8,4,,4,3,3,2.5,4,3,5,3.6,Scott,,32.8800604,-117.2340135
Taco Villa,Shrimp with guac,Seafood,42670,UTC,9500 Gilman Dr,"9500 Gilman Dr, UTC CA",https://www.yelp.com/biz/taco-villa-san-diego,3.5,3.5,8.99,4,3.5,3,3.5,3.5,4,2,4,4,4,3.4,Tom,,32.8800604,-117.2340135
Taco Villa,Bean & cheese,Vegetarian,42670,UTC,9500 Gilman Dr,"9500 Gilman Dr, UTC CA",https://www.yelp.com/biz/taco-villa-san-diego,3.5,3.5,6.85,4,3.5,5,3.3,3,5,2,3,3.8,3.5,3.9,Scott,,32.8800604,-117.2340135
Taco Villa,Chicken,Chicken,42745,UTC,9500 Gilman Dr,"9500 Gilman Dr, UTC CA",https://www.yelp.com/biz/taco-villa-san-diego,3.5,3.5,6.85,4,4,5,4,4,5,3.5,2,3.5,4,4,Elynn,,32.8800604,-117.2340135
Taco Villa,Pollo asado,Chicken,42755,UTC,9500 Gilman Dr,"9500 Gilman Dr, UTC CA",https://www.yelp.com/biz/taco-villa-san-diego,3.5,3.5,7.4,3.3,5,4,4.2,3.5,2.9,3,4,4,4,4,Scott,,32.8800604,-117.2340135
Taco Villa,Al pastor,Carnitas / Pork,42755,UTC,9500 Gilman Dr,"9500 Gilman Dr, UTC CA",https://www.yelp.com/biz/taco-villa-san-diego,3.5,3.5,7.4,3.5,4.5,4,4,3.5,3,3,2.5,4,3.8,3.8,Emily,,32.8800604,-117.2340135
Taco Villa,California,California,42787,UTC,9500 Gilman Dr,"9500 Gilman Dr, UTC CA",https://www.yelp.com/biz/taco-villa-san-diego,3.5,3.5,9.95,4.2,3.5,5,3,1.5,3,2.5,3,2.2,2.5,2.8,Scott,,32.8800604,-117.2340135
Taco Villa,Carnitas,Carnitas / Pork,42850,UTC,9500 Gilman Dr,"9500 Gilman Dr, UTC CA",https://www.yelp.com/biz/taco-villa-san-diego,3.5,3.5,7,3.5,4,4,2,2.5,4.5,4,3,2.9,4.5,2.8,Scott,,32.8800604,-117.2340135
Taco Villa,Carnitas,Carnitas / Pork,42850,UTC,9500 Gilman Dr,"9500 Gilman Dr, UTC CA",https://www.yelp.com/biz/taco-villa-san-diego,3.5,3.5,9,3,3.5,4,4,4,4.5,4.5,2,3.5,4,4,Richard,,32.8800604,-117.2340135
Taco Villa,Carne asada,Carne Asada / Beef,42928,UTC,9500 Gilman Dr,"9500 Gilman Dr, UTC CA",https://www.yelp.com/biz/taco-villa-san-diego,3.5,3.5,7,3.5,3,3,2,2,3,2,3,2,3,2.2,Tom,,32.8800604,-117.2340135
Taco VIlla,California,California,42935,UTC,9500 Gilman Dr,"9500 Gilman Dr, UTC CA",https://www.yelp.com/biz/taco-villa-san-diego,3.5,3.5,6.99,4,3,4,4,2.5,2.5,3,3,3,5,3,Emily,too many fries. Not great,32.8800604,-117.2340135
Taco Villa,Carnitas,Carnitas / Pork,42972,UTC,9500 Gilman Dr,"9500 Gilman Dr, UTC CA",https://www.yelp.com/biz/taco-villa-san-diego,3.5,3.5,7.19,3.5,3.5,4.5,3.5,3.5,3,3.5,4,3.5,5,3.8,Scott,,32.8800604,-117.2340135
Taco Villa,Carne asada,Carne Asada / Beef,42972,UTC,9500 Gilman Dr,"9500 Gilman Dr, UTC CA",https://www.yelp.com/biz/taco-villa-san-diego,3.5,3.5,7.89,4,3,,4.5,4,4.5,4.5,4.5,4.8,3.3,4.7,Scott,,32.8800604,-117.2340135
Tacos La Bala,Pastor,Carnitas / Pork,42618,Houston,5800 Bellaire Blvd,"5800 Bellaire Blvd, Houston CA",tacoslabala.com,4.5,4.1,7.89,4,3,,4,4,4.5,4,4.5,4.5,5,4.5,Emily,,29.7059219,-95.4842737
Tacos La Bala,Barbacoa ,Carne Asada / Beef,42618,Houston,5800 Bellaire Blvd,"5800 Bellaire Blvd, Houston CA",tacoslabala.com,4.5,4.1,6.9,4.3,3,3,3.5,3.5,3.5,3.5,3.8,4,5,3.7,Scott,,29.7059219,-95.4842737
Tacos por favor,Carne asada,Carne Asada / Beef,42532,Santa Monica,1408 Olympic Blvd,"1408 Olympic Blvd, Santa Monica CA",https://www.yelp.com/biz/el-dorado-mexican-food-temecula,4,4.1,8.55,3,3,2.5,3,3,3.5,2.8,3.5,2.8,1.5,3,Scott,,34.0196959,-118.4802148
Tacos por favor,Al pastor,Carnitas / Pork,42532,Santa Monica,1408 Olympic Blvd,"1408 Olympic Blvd, Santa Monica CA",https://www.yelp.com/biz/el-dorado-mexican-food-temecula,4,4.1,7.8,2.5,3,2,3.5,3,3,4,3,3.8,4.5,3.5,Emily,,34.0196959,-118.4802148
Tacos por favor,Carne asada,Carne Asada / Beef,42532,Santa Monica,1408 Olympic Blvd,"1408 Olympic Blvd, Santa Monica CA",https://www.yelp.com/biz/el-dorado-mexican-food-temecula,4,4.1,5.56,2.5,2.5,3,2.5,3.5,4.5,4.5,3.7,3.3,4.5,3.5,Scott,,34.0196959,-118.4802148
Tony's Fresh Mexican Food,Chile verde pork,Carnitas / Pork,42411,Miramar,7122 Miramar Rd,"7122 Miramar Rd, Miramar CA",https://www.yelp.com/biz/tonys-fresh-mexican-food-san-diego,3,4.1,5.56,4,4,4,4,3,4,2,4,3,3,4,Chris G,,32.8799813,-117.1605508
Tony's Fresh Mexican Food,California,California,42411,Miramar,7122 Miramar Rd,"7122 Miramar Rd, Miramar CA",https://www.yelp.com/biz/tonys-fresh-mexican-food-san-diego,3,4.1,5.56,3.5,3.5,3,,3.5,3,4,4.5,3.5,4,3.5,Xi,,32.8799813,-117.1605508
Tony's Fresh Mexican Food,battered fish ,Seafood,42411,Miramar,7122 Miramar Rd,"7122 Miramar Rd, Miramar CA",https://www.yelp.com/biz/tonys-fresh-mexican-food-san-diego,3,4.1,6.47,4,1,2,2,2,3,3,1,2,3,2,Erik K,,32.8799813,-117.1605508
Tony's Fresh Mexican Food,California,California,42411,Miramar,7122 Miramar Rd,"7122 Miramar Rd, Miramar CA",https://www.yelp.com/biz/tonys-fresh-mexican-food-san-diego,3,4.1,7.35,3.5,3.2,3,3.5,3.5,3,3.3,3,3.8,2,3.5,Scott,,32.8799813,-117.1605508
Valentines Mexican Food,California ,California,42644,Downtown,1157 Sixth Ave,"1157 Sixth Ave, Downtown CA",https://www.yelp.com/biz/valentines-mexican-food-san-diego-6,4,4,6.99,3,3,4.5,2,3,2.5,4,2,2,4,2,Richard,,32.7174996,-117.1591189
Valentines Mexican Food,California Chipotle,California,42644,Downtown,1157 Sixth Ave,"1157 Sixth Ave, Downtown CA",https://www.yelp.com/biz/valentines-mexican-food-san-diego-6,4,4,6.99,4,4,,3.5,3.5,3.5,3.5,3.5,3.5,5,3.7,Scott,,32.7174996,-117.1591189
Valentines Mexican Food,Carne asada,Carne Asada / Beef,42690,Downtown,1157 Sixth Ave,"1157 Sixth Ave, Downtown CA",https://www.yelp.com/biz/valentines-mexican-food-san-diego-6,4,4,8.5,3.8,4,4.5,3,4,3,2.5,3.5,3.5,3,4,Scott,,32.7174996,-117.1591189
Valentines Mexican Food,Pork california,Chicken,42690,Downtown,1157 Sixth Ave,"1157 Sixth Ave, Downtown CA",https://www.yelp.com/biz/valentines-mexican-food-san-diego-6,4,4,8.5,4,4,4,3.75,4,3.5,3.5,4,5,3.5,4,Emily,,32.7174996,-117.1591189
Valentines Mexican Food,California,California,42690,Downtown,1157 Sixth Ave,"1157 Sixth Ave, Downtown CA",https://www.yelp.com/biz/valentines-mexican-food-san-diego-6,4,4,6.75,4,4,4.5,3.5,3.5,4.5,4.5,3,3.5,4,3.9,Scott,,32.7174996,-117.1591189
Valentines Mexican Food,California,California,42690,Downtown,1157 Sixth Ave,"1157 Sixth Ave, Downtown CA",https://www.yelp.com/biz/valentines-mexican-food-san-diego-6,4,4,7.9,4,4,5,5,5,5,5,5,4,3.5,4.8,Simon,,32.7174996,-117.1591189
Valentines Mexican Food,California,California,42690,Downtown,1157 Sixth Ave,"1157 Sixth Ave, Downtown CA",https://www.yelp.com/biz/valentines-mexican-food-san-diego-6,4,4,8.35,4.5,3,3,4,3,4,2.5,4,4.5,4,4.1,Scott,,32.7174996,-117.1591189
Valentines Mexican Food,Carne asada,Carne Asada / Beef,42954,Downtown,1157 Sixth Ave,"1157 Sixth Ave, Downtown CA",https://www.yelp.com/biz/valentines-mexican-food-san-diego-6,4,4,25,4,3.8,4.4,4,3.8,4,4,4,4,5,4.2,Scott,Good. but just get a regular Cali.,32.7174996,-117.1591189
Valentines Mexican Food,California,California,42954,Downtown,1157 Sixth Ave,"1157 Sixth Ave, Downtown CA",https://www.yelp.com/biz/valentines-mexican-food-san-diego-6,4,4,7,4,4.5,5,4,4,4,3.7,3.8,4.6,4.8,4.2,Simon,,32.7174996,-117.1591189
Vallarta Express,Quesaburro,Vegetarian,42450,Clairemont,4277 Genesee Ave,"4277 Genesee Ave, Clairemont CA",http://www.vallartaexpress.com/menu/,3.5,4,6.99,4,4,5,3.5,3.8,3,2.5,3.3,4,5,3.7,Scott,,32.8213737,-117.1826061
Vallarta Express,Philly ,Specialty,42450,Clairemont,4277 Genesee Ave,"4277 Genesee Ave, Clairemont CA",http://www.vallartaexpress.com/menu/,3.5,4,7.1,3,3.5,5,4,4,4.5,4.75,3.75,4,5,4.2,Emily,,32.8213737,-117.1826061
Vallarta Express,Carne asada,Carne Asada / Beef,42450,Clairemont,4277 Genesee Ave,"4277 Genesee Ave, Clairemont CA",http://www.vallartaexpress.com/menu/,3.5,4,6.47,4,3,3,2,2.5,1.5,2.5,2.5,3,5,3.2,Scott,,32.8213737,-117.1826061
Vallarta Express,Quesa,Vegetarian,42450,Clairemont,4277 Genesee Ave,"4277 Genesee Ave, Clairemont CA",http://www.vallartaexpress.com/menu/,3.5,4,8.94,3.5,2.5,3.5,3.5,3.5,3.5,4,3,3.5,4.5,3.8,Emily,,32.8213737,-117.1826061
Vallarta Express,Surf and turf,Seafood,42450,Clairemont,4277 Genesee Ave,"4277 Genesee Ave, Clairemont CA",http://www.vallartaexpress.com/menu/,3.5,4,5.99,2,2,2.5,4,3,4,3.5,3,3,5,3.8,Scott,,32.8213737,-117.1826061
Vallarta Express,Mahi,Seafood,42450,Clairemont,4277 Genesee Ave,"4277 Genesee Ave, Clairemont CA",http://www.vallartaexpress.com/menu/,3.5,4,6.99,3.5,4,4,4,4.5,4,3.5,4,4,4,4.3,Nuttida,,32.8213737,-117.1826061
Vallarta Express,Fish,Seafood,42475,Clairemont,4277 Genesee Ave,"4277 Genesee Ave, Clairemont CA",http://www.vallartaexpress.com/menu/,3.5,4,8.5,3.5,3.5,4,4.5,4,3,4,3.5,4.5,5,4.3,Scott,,32.8213737,-117.1826061
Vallarta Express,California,California,42475,Clairemont,4277 Genesee Ave,"4277 Genesee Ave, Clairemont CA",http://www.vallartaexpress.com/menu/,3.5,4,8.5,3.5,4,4,4,4.5,4.2,4.5,4,4.5,4.8,4.5,Emily,,32.8213737,-117.1826061
Vallarta Express,California,California,42499,Clairemont,4277 Genesee Ave,"4277 Genesee Ave, Clairemont CA",http://www.vallartaexpress.com/menu/,3.5,4,6.85,3.5,3,4.5,3.8,3.8,4,3.5,3.5,4,3,4.1,Scott,,32.8213737,-117.1826061
Vallarta Express,California,California,42810,Clairemont,4277 Genesee Ave,"4277 Genesee Ave, Clairemont CA",http://www.vallartaexpress.com/menu/,3.5,4,6.85,3.5,3,4.5,4,4,4.5,3,4,4,3.5,4.25,Sage,,32.8213737,-117.1826061
Vallarta Express,Surf & Turf,Seafood,42910,Clairemont,4277 Genesee Ave,"4277 Genesee Ave, Clairemont CA",http://www.vallartaexpress.com/menu/,3.5,4,11.5,3.5,2,2,4,3.5,3,4.5,3.5,4,2,3.5,Scott,Maybe a little better than chipotle. Or at least more authentic.,32.8213737,-117.1826061
Vallarta Express,California,California,42910,Clairemont,4277 Genesee Ave,"4277 Genesee Ave, Clairemont CA",http://www.vallartaexpress.com/menu/,3.5,4,7.89,4,4,3,4,4,3,4,3.5,4.3,4.5,4.2,Scott,,32.8213737,-117.1826061
Vallarta Express,California,California,42956,Clairemont,4277 Genesee Ave,"4277 Genesee Ave, Clairemont CA",http://www.vallartaexpress.com/menu/,3.5,4,7.89,5,5,5,5,5,4,4,5,5,3,4.5,Ben S,,32.8213737,-117.1826061
