Restaurant,Burrito Name,Menu Name,Type,Taco/Burrito,Date,Neighborhood,Address,Full Address,URL,Yelp,Google,Cost,Hunger,Tortilla,Temp,Meat,Fillings,Meat:filling,Uniformity,Salsa,Synergy,Wrap,overall,Reviewer,Notes
Albertacos,California,California Burrito,California,Burrito,42529,San Marcos,500 W San Marcos Blvd # 103,"500 W San Marcos Blvd # 103, San Marcos CA",https://www.yelp.com/biz/albertacos-san-marcos,3.5,3.9,6.49,3,3,5,3,3.5,4,4,4,4,4,3.8,Scott,good fries: 4/5
Albertacos,Carne Asada,Carne Asada Burrito,Carne Asada / Beef,Burrito,42529,San Marcos,500 W San Marcos Blvd # 103,"500 W San Marcos Blvd # 103, San Marcos CA",https://www.yelp.com/biz/albertacos-san-marcos,3.5,3.9,5.45,3.5,2,3.5,2.5,2.5,2,4,3.5,2.5,5,3,Scott,Fries: 3/5; too little meat
Alberto's,Carne Asada,Carne Asada Burrito,Carne Asada / Beef,Burrito,42495,Escondido,623 N Escondido Blvd,"623 N Escondido Blvd, Escondido CA",,,,4.85,1.5,3,2,2.5,3,4.5,4,3,3,5,3,Emily,
Burrito Factory,Steak everything ,Steak everything  Burrito,Carne Asada / Beef,Burrito,42929,Austin,2025 Guadalupe St,"2025 Guadalupe St, Austin CA",https://www.yelp.com/biz/burrito-factory-austin,4.5,4.8,6.59,4,4,5,4,3.5,4.5,5,2.5,4.5,4,4.2,Scott,
Burros and Fries,California,California Burrito,California,Burrito,42594,Clairemont,4705 Clairemont Dr,"4705 Clairemont Dr, Clairemont CA",http://www.burrosandfries.com/,3.5,4.1,6.99,4,3,4,5,3.5,2.5,2.5,2.5,4,1,3.2,Emily,
Burros and Fries,Carne Asada,Carne Asada Burrito,Carne Asada / Beef,Burrito,42594,Clairemont,4705 Clairemont Dr,"4705 Clairemont Dr, Clairemont CA",http://www.burrosandfries.com/,3.5,4.1,7.19,1.5,2,3,3,2,2.5,2.5,,2,3,2.6,Scott,not fries. big potatoes
Burros and Fries,Shrimp california,Shrimp California Burrito,Seafood,Burrito,42890,Clairemont,4705 Clairemont Dr,"4705 Clairemont Dr, Clairemont CA",http://www.burrosandfries.com/,3.5,4.1,6.99,4,2.5,3,3,2.5,3,3.5,,2.5,3,3,Emily,
Burros and Fries,California,California Burrito,California,Burrito,42890,Clairemont,4705 Clairemont Dr,"4705 Clairemont Dr, Clairemont CA",http://www.burrosandfries.com/,3.5,4.1,9.25,3.5,2,4.5,4.5,3.5,1.5,3,3.5,4,2,3.9,Scott,this tasted really bad leftover. not included in rating
Caliente Mexican Food,Carne Asada ,Carne Asada  Burrito,Carne Asada / Beef,Burrito,42922,Sorrento Valley,11815 Sorrento Valley Rd,"11815 Sorrento Valley Rd, Sorrento Valley CA",https://www.yelp.com/biz/caliente-mexican-food-san-diego,3.5,4.4,6.25,3.5,2.5,1.5,1.5,3,4.5,3,1.5,2,4.5,2,Scott,
Caliente Mexican Food,Carne Asada ,Carne Asada  Burrito,Carne Asada / Beef,Burrito,42922,Sorrento Valley,11815 Sorrento Valley Rd,"11815 Sorrento Valley Rd, Sorrento Valley CA",https://www.yelp.com/biz/caliente-mexican-food-san-diego,3.5,4.4,9.5,2,2.5,2.5,2.75,2.5,2.5,2,0.5,3,3.5,2.5,Emily,Huge. Shrimp is good. Meat is normal
Caliente Mexican Food,fried fish,fried fish Burrito,Seafood,Burrito,42922,Sorrento Valley,11815 Sorrento Valley Rd,"11815 Sorrento Valley Rd, Sorrento Valley CA",https://www.yelp.com/biz/caliente-mexican-food-san-diego,3.5,4.4,6.95,2,3,4,4,3,4,4,1,2,1,3,Marc,
Caliente Mexican Food,California,California Burrito,California,Burrito,42922,Sorrento Valley,11815 Sorrento Valley Rd,"11815 Sorrento Valley Rd, Sorrento Valley CA",https://www.yelp.com/biz/caliente-mexican-food-san-diego,3.5,4.4,6.25,3.5,3,3.5,3.5,4,2,3.5,1,4,4,3.9,Scott,
California Burrito Company,Dave's California,Dave's California Burrito,California,Burrito,42655,Miramar,6912 Miramar Rd,"6912 Miramar Rd, Miramar CA",https://www.yelp.com/biz/california-burrito-company-san-diego-2,3.5,4.4,6.99,3,3,1,1.5,2.5,4,4,3,4.5,5,2,Nicole,
California Burrito Company,California,California Burrito,California,Burrito,42655,Miramar,6912 Miramar Rd,"6912 Miramar Rd, Miramar CA",https://www.yelp.com/biz/california-burrito-company-san-diego-2,3.5,4.4,6.25,3,4,,2,2,4,4,,3,4,2.75,Cris,"to-go, no guac or sour cream, fries are a small and underdone"
California Burrito Company,California,California Burrito,California,Burrito,42655,Miramar,6912 Miramar Rd,"6912 Miramar Rd, Miramar CA",https://www.yelp.com/biz/california-burrito-company-san-diego-2,3.5,4.4,7.49,4,3,2.5,4,4,3.5,2.5,3.5,5,4.5,4.2,Emily,Horchata is very sweet
California Burrito Company,Fajitas ,Fajitas  Burrito,Specialty,Burrito,42661,Miramar,6912 Miramar Rd,"6912 Miramar Rd, Miramar CA",https://www.yelp.com/biz/california-burrito-company-san-diego-2,3.5,4.4,8.49,2.5,4,4,4.5,4,5,4.5,3.5,4,2,4.1,Scott,
California Burrito Company,California ,California Burrito,California,Burrito,42661,Miramar,6912 Miramar Rd,"6912 Miramar Rd, Miramar CA",https://www.yelp.com/biz/california-burrito-company-san-diego-2,3.5,4.4,5.99,3,4,4,3,3.5,4,4.5,4,4,4.5,4,Scott,Salsa verde spicy
California Burritos,California Everything,California Everything Burrito,California,Burrito,42475,Linda Vista,7754 Starling Dr,"7754 Starling Dr, Linda Vista CA",https://www.yelp.com/biz/california-burritos-san-diego,4.5,4.4,5.99,2,3.5,4,3.5,,4,,4,4,1.5,4,Emily,
California Burritos,California Everything,California Everything Burrito,California,Burrito,42475,Linda Vista,7754 Starling Dr,"7754 Starling Dr, Linda Vista CA",https://www.yelp.com/biz/california-burritos-san-diego,4.5,4.4,6.4,4,3,4,2.75,3,4,2,2,,5,3,Leo,
California Burritos,California Everything,California Everything Burrito,California,Burrito,42475,Linda Vista,7754 Starling Dr,"7754 Starling Dr, Linda Vista CA",https://www.yelp.com/biz/california-burritos-san-diego,4.5,4.4,6.4,2.5,3.5,3,3,3,4,4,1.5,,4.5,3.5,Scott,
California Burritos,Chile relleno and carnitas,Chile relleno and carnitas Burrito,Carnitas / Pork,Burrito,42475,Linda Vista,7754 Starling Dr,"7754 Starling Dr, Linda Vista CA",https://www.yelp.com/biz/california-burritos-san-diego,4.5,4.4,8.75,3.5,1.5,2,3,3.5,4,1,3.5,4.5,4,4,Scott,Rolled tacos need more meat
California Burritos,California (only cheese),California (only cheese) Burrito,California,Burrito,42475,Linda Vista,7754 Starling Dr,"7754 Starling Dr, Linda Vista CA",https://www.yelp.com/biz/california-burritos-san-diego,4.5,4.4,5.5,2.5,1.5,2.5,3.5,3,4,1.5,2.5,3.5,4.5,3.5,Emily,Adobado reminds me of Indian food because of some mystery spice
California Burritos,California Everything,California Everything Burrito,California,Burrito,42545,Linda Vista,7754 Starling Dr,"7754 Starling Dr, Linda Vista CA",https://www.yelp.com/biz/california-burritos-san-diego,4.5,4.4,7.49,2.5,4,3,4,4,4,4,4,4,3,4.6,Scott,
California Burritos,California Everything,California Everything Burrito,California,Burrito,42545,Linda Vista,7754 Starling Dr,"7754 Starling Dr, Linda Vista CA",https://www.yelp.com/biz/california-burritos-san-diego,4.5,4.4,7.49,2.5,3,2,4.5,4,4,3.5,3,4.5,4.5,4.5,Emily,
California Burritos,California Everything,California Everything Burrito,California,Burrito,42545,Linda Vista,7754 Starling Dr,"7754 Starling Dr, Linda Vista CA",https://www.yelp.com/biz/california-burritos-san-diego,4.5,4.4,6,3.5,2.5,2.5,3,4,4,4,3,3.5,1.5,3.8,Emily,Food cooks fast but checking out is painfully slow
California Burritos,California Everything,California Everything Burrito,California,Burrito,42545,Linda Vista,7754 Starling Dr,"7754 Starling Dr, Linda Vista CA",https://www.yelp.com/biz/california-burritos-san-diego,4.5,4.4,7,3.5,2.5,3,3,4,2,2,3,3.5,3.5,3,Scott,Beans are surprisingly good
California Burritos,California Everything,California Everything Burrito,California,Burrito,42545,Linda Vista,7754 Starling Dr,"7754 Starling Dr, Linda Vista CA",https://www.yelp.com/biz/california-burritos-san-diego,4.5,4.4,6.29,3.5,3.5,5,4,4,3.5,4.5,3.5,3.5,4,4,Scott,
California Burritos,Carnitas,Carnitas Burrito,Carnitas / Pork,Burrito,42545,Linda Vista,7754 Starling Dr,"7754 Starling Dr, Linda Vista CA",https://www.yelp.com/biz/california-burritos-san-diego,4.5,4.4,6.49,4.5,3,5,4,4,5,4,2.5,4.5,4,4,Sage,
California Burritos,Carne Asada everything,Carne Asada everything Burrito,Carne Asada / Beef,Burrito,42545,Linda Vista,7754 Starling Dr,"7754 Starling Dr, Linda Vista CA",https://www.yelp.com/biz/california-burritos-san-diego,4.5,4.4,6.49,4.5,3,4.5,3.5,3.5,3.5,3,3,3,4,3,Eli,Promising start but finished poorly
California Burritos,Carne Asada everything,Carne Asada everything Burrito,Carne Asada / Beef,Burrito,42545,Linda Vista,7754 Starling Dr,"7754 Starling Dr, Linda Vista CA",https://www.yelp.com/biz/california-burritos-san-diego,4.5,4.4,6.6,3.5,4,2,4,3.5,4.5,4,3.5,4,1,4.25,Ricardo,
California Burritos,Carne Asada everything,Carne Asada everything Burrito,Carne Asada / Beef,Burrito,42545,Linda Vista,7754 Starling Dr,"7754 Starling Dr, Linda Vista CA",https://www.yelp.com/biz/california-burritos-san-diego,4.5,4.4,7.65,3.5,3,1.5,3,3,2.5,3,3.5,2.5,4,3.4,Scott,
California Burritos,California Everything,California Everything Burrito,California,Burrito,42583,Linda Vista,7754 Starling Dr,"7754 Starling Dr, Linda Vista CA",https://www.yelp.com/biz/california-burritos-san-diego,4.5,4.4,5,3.5,2,,2.5,2,2,2,2,2.5,,2,Emily,
California Burritos,California Everything,California Everything Burrito,California,Burrito,42583,Linda Vista,7754 Starling Dr,"7754 Starling Dr, Linda Vista CA",https://www.yelp.com/biz/california-burritos-san-diego,4.5,4.4,5,1,2,,1,1,0.5,1,1.5,1,4,1,Scott,burrito was mostly tortilla
California Burritos,California Everything,California Everything Burrito,California,Burrito,42583,Linda Vista,7754 Starling Dr,"7754 Starling Dr, Linda Vista CA",https://www.yelp.com/biz/california-burritos-san-diego,4.5,4.4,6.25,0.5,3,5,4,2.75,4,1.6,3.5,3.4,5,3.33,Kelsey,
California Burritos,California Everything,California Everything Burrito,California,Burrito,42583,Linda Vista,7754 Starling Dr,"7754 Starling Dr, Linda Vista CA",https://www.yelp.com/biz/california-burritos-san-diego,4.5,4.4,6.25,3,3.5,5,2.5,2.5,4,2.7,3.5,3,5,2.5,Sage,
California Burritos,California Everything,California Everything Burrito,California,Burrito,42583,Linda Vista,7754 Starling Dr,"7754 Starling Dr, Linda Vista CA",https://www.yelp.com/biz/california-burritos-san-diego,4.5,4.4,6.25,3.75,3,5,5,4.5,4,4,1.5,3,5,3,Jake,
California Burritos,Surf and Turf,Surf and Turf Burrito,Seafood,Burrito,42583,Linda Vista,7754 Starling Dr,"7754 Starling Dr, Linda Vista CA",https://www.yelp.com/biz/california-burritos-san-diego,4.5,4.4,9.5,3,3,3,4,3,3.5,4.5,3.5,3,3.5,3.2,Scott,quite small
California Burritos,Carne Asada everything,Carne Asada everything Burrito,Carne Asada / Beef,Burrito,42583,Linda Vista,7754 Starling Dr,"7754 Starling Dr, Linda Vista CA",https://www.yelp.com/biz/california-burritos-san-diego,4.5,4.4,7.84,4,4,4,3.5,4,4.5,4,3.5,3.5,4.5,4,Scott,
California Burritos,California Everything,California Everything Burrito,California,Burrito,42660,Linda Vista,7754 Starling Dr,"7754 Starling Dr, Linda Vista CA",https://www.yelp.com/biz/california-burritos-san-diego,4.5,4.4,7.89,1,3,3.5,4.5,4,5,5,4.5,3.5,5,4.2,Scott,
California Burritos,Surf and Turf,Surf and Turf Burrito,Seafood,Burrito,42660,Linda Vista,7754 Starling Dr,"7754 Starling Dr, Linda Vista CA",https://www.yelp.com/biz/california-burritos-san-diego,4.5,4.4,6.99,4,4,3,3.5,3,4,5,3,3.5,5,3.5,Emily,Kind of dry 
California Burritos,California everything,California everything Burrito,California,Burrito,42832,Linda Vista,7754 Starling Dr,"7754 Starling Dr, Linda Vista CA",https://www.yelp.com/biz/california-burritos-san-diego,4.5,4.4,9.5,5,3,3,3.5,3,4,1,3,2.5,5,3,Sage,
California Burritos,California everything,California everything Burrito,California,Burrito,42832,Linda Vista,7754 Starling Dr,"7754 Starling Dr, Linda Vista CA",https://www.yelp.com/biz/california-burritos-san-diego,4.5,4.4,6.99,4,4,4.5,4,3.5,4,2.5,2,4,4,4.2,Scott,A bit small
California Burritos,California everything mini,California everything mini Burrito,California,Burrito,42832,Linda Vista,7754 Starling Dr,"7754 Starling Dr, Linda Vista CA",https://www.yelp.com/biz/california-burritos-san-diego,4.5,4.4,5.99,3,4,3.5,3.5,4,3.5,3.5,2,3.5,0.5,3.9,Emily,So hot! Egg is surprisingly good
California Burritos,Surf and Turf,Surf and Turf Burrito,Seafood,Burrito,42832,Linda Vista,7754 Starling Dr,"7754 Starling Dr, Linda Vista CA",https://www.yelp.com/biz/california-burritos-san-diego,4.5,4.4,6.95,3.5,3,4,3.5,4,4,4,3.5,4.5,4.5,4.1,Scott,
California Burritos,California everything,California everything Burrito,California,Burrito,42832,Linda Vista,7754 Starling Dr,"7754 Starling Dr, Linda Vista CA",https://www.yelp.com/biz/california-burritos-san-diego,4.5,4.4,6.95,4,3,4.5,4,3,3,2,4,2,4.5,3,Torben,Guac chips have lots of cheese
California Burritos,Surf and Turf,Surf and Turf Burrito,Seafood,Burrito,42832,Linda Vista,7754 Starling Dr,"7754 Starling Dr, Linda Vista CA",https://www.yelp.com/biz/california-burritos-san-diego,4.5,4.4,6.5,3.5,3.75,5,3,3,4.5,4.5,3.5,3,4.5,3.25,Ricardo,
Cancun Mexican & Seafood,California,California Burrito,California,Burrito,42449,Encinitas,1766 N Coast Hwy,"1766 N Coast Hwy, Encinitas CA",http://cancunmexicanandseafood.com/,4.5,4.1,6.95,4.5,2,5,3.5,4,2.5,5,3.5,2.5,4,3.75,Alex,Heart-stopping amount of cheese. Second tortilla of cheese
Cancun Mexican & Seafood,Machaca,Machaca Burrito,Carne Asada / Beef,Burrito,42449,Encinitas,1766 N Coast Hwy,"1766 N Coast Hwy, Encinitas CA",http://cancunmexicanandseafood.com/,4.5,4.1,7.65,3,2,4,3,3,4,2,4,2,3,3.5,Richard,Hot carrots
Cancun Mexican & Seafood,Adobada,Adobada Burrito,Carnitas / Pork,Burrito,42622,Encinitas,1766 N Coast Hwy,"1766 N Coast Hwy, Encinitas CA",http://cancunmexicanandseafood.com/,4.5,4.1,7.3,3,3,4.5,3.5,3,3,2,3.5,2.5,4.5,3.5,Tom,
Cancun Mexican & Seafood,California,California Burrito,California,Burrito,42622,Encinitas,1766 N Coast Hwy,"1766 N Coast Hwy, Encinitas CA",http://cancunmexicanandseafood.com/,4.5,4.1,8.59,2.5,4,4.5,3.5,5,2.5,2,4,4.5,4,4.3,Scott,
Cancun Mexican & Seafood,California ,California Burrito,California,Burrito,42691,Encinitas,1766 N Coast Hwy,"1766 N Coast Hwy, Encinitas CA",http://cancunmexicanandseafood.com/,4.5,4.1,8.59,3.5,4.5,4.5,4,4.5,4,4,4,4.5,5,4.5,Brad,
Cancun Mexican & Seafood,California ,California Burrito,California,Burrito,42691,Encinitas,1766 N Coast Hwy,"1766 N Coast Hwy, Encinitas CA",http://cancunmexicanandseafood.com/,4.5,4.1,7.99,3.5,4,4,2,3,1.5,3,2.5,1,3,2.5,Scott,Bland
Carmen's Mexican Food,Adobada,Adobada Burrito,Carnitas / Pork,Burrito,42601,Clairemont,4937 Diane Ave,"4937 Diane Ave, Clairemont CA",https://www.yelp.com/biz/carmens-authentic-mexican-food-san-diego,4,4.2,9.99,3,4,4.5,3.5,4,3,2,2.5,3.5,4,4,Emily,Fries are good
Carmen's Mexican Food,Carne Asada,Carne Asada Burrito,Carne Asada / Beef,Burrito,42601,Clairemont,4937 Diane Ave,"4937 Diane Ave, Clairemont CA",https://www.yelp.com/biz/carmens-authentic-mexican-food-san-diego,4,4.2,8.25,3.5,4,4.5,3.5,2.5,4.5,4.5,4,3.5,5,4,Scott,
Chili Peppers,Surf and Turf,Surf and Turf Burrito,Seafood,Burrito,42518,San Diego,10425 Tierrasanta Blvd,"10425 Tierrasanta Blvd, San Diego CA",,,,7.95,2.5,2.5,2.5,4,3.5,3,2.5,3,3,5,3.3,Emily,
Chipotle,Custom,Custom Burrito,Specialty,Burrito,42512,Carlsbad,2505 Palomar airport Rd,"2505 Palomar airport Rd, Carlsbad CA",https://www.yelp.com/biz/chipotle-mexican-grill-carlsbad,3,4.2,7.95,2,4,5,4,4,3,5,3,3,5,4,Tara,
Chipotle,Carnitas,Carnitas Burrito,Carnitas / Pork,Burrito,42626,Carlsbad,2505 Palomar airport Rd,"2505 Palomar airport Rd, Carlsbad CA",https://www.yelp.com/biz/chipotle-mexican-grill-carlsbad,3,4.2,8.75,3,4,5,3,5,3,2,4,3,5,4,Andy,
Colima's Mexican Food,Colimas burrito,Colimas Burrito,Specialty,Burrito,42521,North Park,2302 University Ave,"2302 University Ave, North Park CA",https://www.yelp.com/biz/colimas-mexican-food-san-diego,4,4.2,6.6,3,3,4.5,4,4.5,4,4.5,4.5,5,4.5,4.5,Scott,
Colima's Mexican Food,Hawaiian,Hawaiian Burrito,Specialty,Burrito,42432,North Park,2302 University Ave,"2302 University Ave, North Park CA",https://www.yelp.com/biz/colimas-mexican-food-san-diego,4,4.2,6.6,3,4,5,5,5,5,4,,4.5,5,4.5,Tara,
Colima's Mexican Food,Bandido,Bandido Burrito,Specialty,Burrito,42432,North Park,2302 University Ave,"2302 University Ave, North Park CA",https://www.yelp.com/biz/colimas-mexican-food-san-diego,4,4.2,6.6,3,3,5,3.5,3,4.5,2.5,3,4,4,3.6,Scott,Too much enchilada sauce this time
Colima's Mexican Food,Bandido,Bandido Burrito,Specialty,Burrito,42432,North Park,2302 University Ave,"2302 University Ave, North Park CA",https://www.yelp.com/biz/colimas-mexican-food-san-diego,4,4.2,7.45,3.5,3,5,3.5,2.5,3,2.5,3.75,3,4,3,Bankole,Would have enjoyed it more if wasn't rating; shrimp better than meat. Quality of the shrimp really improves the burrito. Well cooked and fresh. Shrimp could have had more flavor
Cortez Mexican Food,California ,California Burrito,California,Burrito,42650,Bonsall,5517 Mission Rd,"5517 Mission Rd, Bonsall CA",https://www.yelp.com/biz/cortez-mexican-food-bonsall,4.2,4,6.6,3.5,3.5,3,4,4.5,3,1,3,4,0.5,2.8,Scott,"Salsa Fresca is good, way too small"
Cotixan,California,California Burrito,California,Burrito,42789,Clairemont,4370 Genessee Ave,"4370 Genessee Ave, Clairemont CA",https://www.yelp.com/biz/cotixan-mexican-and-seafood-san-diego,4,4,6.6,3,3,2.5,3,4,2,1,3,3,5,3,Emily,
Cotixan,California,California Burrito,California,Burrito,42902,Clairemont,4370 Genessee Ave,"4370 Genessee Ave, Clairemont CA",https://www.yelp.com/biz/cotixan-mexican-and-seafood-san-diego,4,4,7.89,3.5,3,2,4.5,4,4,1.5,4.5,4.5,4.5,4.4,Scott,Too small 
Don Carlos Taco Shop,California,California Burrito,California,Burrito,42864,La Jolla,737 Pearl St,"737 Pearl St, La Jolla CA",https://www.yelp.com/biz/don-carlos-taco-shop-la-jolla,4,4.5,7.89,2,3,2.5,4.5,3.5,4.5,3,4,3.5,5,3.5,Richard,A little small. No rice and beans or cheese or sour cream
Don Carlos Taco Shop,California,California Burrito,California,Burrito,42864,La Jolla,737 Pearl St,"737 Pearl St, La Jolla CA",https://www.yelp.com/biz/don-carlos-taco-shop-la-jolla,4,4.5,6.25,4,4.5,4.5,2.5,3.5,3.5,3.5,3,4,5,4.1,Scott,
Donato's Taco Shop,California ,California Burrito,California,Burrito,42387,Miramar,6780 Miramar Rd,"6780 Miramar Rd, Miramar CA",http://donatostacoshop.net/,3.5,4.2,6.25,3.5,4,4,4,2.5,3,3.5,4,4,5,4,Brent,Brent doesn't like fries in his burrito
Donato's Taco Shop,Al pastor ,Al pastor  Burrito,Carnitas / Pork,Burrito,42675,Miramar,6780 Miramar Rd,"6780 Miramar Rd, Miramar CA",http://donatostacoshop.net/,3.5,4.2,6.25,4,4,4.5,4.5,5,5,5,4.5,5,5,4.6,Luis,
Donato's Taco Shop,Carne Asada,Carne Asada Burrito,Carne Asada / Beef,Burrito,42675,Miramar,6780 Miramar Rd,"6780 Miramar Rd, Miramar CA",http://donatostacoshop.net/,3.5,4.2,6.5,5,4.5,5,5,5,5,4,4,5,5,4.7,Karl,
El Cuervo,California ,California Burrito,California,Burrito,42635,Hillcrest,110 Washington St,"110 Washington St, Hillcrest CA",https://www.yelp.com/biz/el-cuervo-taco-shop-san-diego,4,4.3,6.25,2,5,5,5,4,4,2,,5,5,5,Kalen,
El Cuervo,Pollo adobado,Pollo adobado Burrito,Chicken,Burrito,42635,Hillcrest,110 Washington St,"110 Washington St, Hillcrest CA",https://www.yelp.com/biz/el-cuervo-taco-shop-san-diego,4,4.3,6.5,2.5,3,,3.5,4,4,3,,4,1.5,3.5,Erin,
El Dorado Mexican Food,California,California Burrito,California,Burrito,42537,Temecula,29000 Old Town Front St,"29000 Old Town Front St, Temecula CA",https://www.yelp.com/biz/el-dorado-mexican-food-temecula,4.5,4,6.65,3.5,3.5,,3.5,3.5,4.5,3.5,3.5,4,4,4,Ricardo,
El Dorado Mexican Food,Super,Super Burrito,Specialty,Burrito,42537,Temecula,29000 Old Town Front St,"29000 Old Town Front St, Temecula CA",https://www.yelp.com/biz/el-dorado-mexican-food-temecula,4.5,4,5.95,3.5,2.5,2.5,3.5,4,3,4.5,4,4.5,4.5,3.8,Scott,"Cheese should be melted, potatoes are very good"
El Dorado Mexican Food,California,California Burrito,California,Burrito,42881,Temecula,29000 Old Town Front St,"29000 Old Town Front St, Temecula CA",https://www.yelp.com/biz/el-dorado-mexican-food-temecula,4.5,4,5.5,3,2,4,3,3,3,4,3.5,3.5,,3,Emily,
El Dorado Mexican Food,California,California Burrito,California,Burrito,42881,Temecula,29000 Old Town Front St,"29000 Old Town Front St, Temecula CA",https://www.yelp.com/biz/el-dorado-mexican-food-temecula,4.5,4,9,2,2,3.5,3,1.5,1,1,2.5,1.5,3.5,1.5,Scott,"The ends of the burrito were decent, but the middle was terrible without much meat"
El Indio,California,California Burrito,California,Burrito,42446,San Diego,3695 India St,"3695 India St, San Diego CA",http://elindiosandiego.com/,3.5,3.9,9,2,2.5,2.5,1.5,2.5,1,2,2.5,2,5,1.8,Emily,
El Nopalito ,Especial ,Especial  Burrito,Specialty,Burrito,42522,Encinitas,582 Santa Fe Dr,"582 Santa Fe Dr, Encinitas CA",https://www.yelp.com/biz/el-nopalito-encinitas,4,4,8,4,4.5,5,5,5,4.5,5,3,5,5,4.9,Sage,A wonderful eating experience. best California Burrito I've ever had by far. 
El Nopalito ,Ranchero steak,Ranchero steak Burrito,Carne Asada / Beef,Burrito,42522,Encinitas,582 Santa Fe Dr,"582 Santa Fe Dr, Encinitas CA",https://www.yelp.com/biz/el-nopalito-encinitas,4,4,6.89,3,3,2.5,3,2.5,2.5,2,3.5,3,4,3,Scott,
El Pollo Loco,Chicken avocado,Chicken avocado Burrito,Chicken,Burrito,42701,Oceanside,3500 College Blvd,"3500 College Blvd, Oceanside CA",https://www.yelp.com/biz/el-pollo-loco-oceanside-5,3.5,4.1,6.39,3,4,3,2.5,3.5,3,3,3.5,4,3.5,3.5,Emily,Pineapple is really good
El Portal Fresh Mexican Grill,Mahi,Mahi Burrito,Seafood,Burrito,42680,Clairemont,4101 Genesee Ave,"4101 Genesee Ave, Clairemont CA",https://www.yelp.com/biz/el-portal-fresh-mexican-grill-san-diego,4,4.4,6.75,3,4.5,4,3,4,1,3,4.5,3.5,4.5,3.5,Scott,Fries are good. Too little meat
El Portal Fresh Mexican Grill,Carnitas,Carnitas Burrito,Carnitas / Pork,Burrito,42680,Clairemont,4101 Genesee Ave,"4101 Genesee Ave, Clairemont CA",https://www.yelp.com/biz/el-portal-fresh-mexican-grill-san-diego,4,4.4,5.99,2,4,2,2.5,4,4,3,3.5,4,5,3.2,Emily,Free lime. Ingredients chopped finely
El Pueblo Mexican Food,California,California Burrito,California,Burrito,42592,Cardiff ,820 Birmingham Dr,"820 Birmingham Dr, Cardiff  CA",https://www.yelp.com/biz/el-pueblo-authentic-mexican-food-cardiff-by-the-sea,4,4.7,7.49,3.5,3.5,4,4,4,3.5,3,4,4.5,3,4.2,Scott,Less meat than usual
El Rey Moro,California Surf,California Surf Burrito,California,Burrito,42530,Clairemont,4471 Clairemont Mesa Blvd,"4471 Clairemont Mesa Blvd, Clairemont CA",https://www.yelp.com/biz/el-rey-moro-taco-shop-san-diego,4,3.8,7.49,4,4,3.5,4,4,4.5,5,4.5,5,4.5,4.5,Ricardo,
El Rey Moro,Hashbrown,Hashbrown Burrito,Breakfast,Burrito,42967,Clairemont,4471 Clairemont Mesa Blvd,"4471 Clairemont Mesa Blvd, Clairemont CA",https://www.yelp.com/biz/el-rey-moro-taco-shop-san-diego,4,3.8,7.49,4,3,3,4,3.5,3.5,4,3.5,4,2.5,3.7,Luis,
El Rey Moro,Hashbrown,Hashbrown Burrito,Breakfast,Burrito,42967,Clairemont,4471 Clairemont Mesa Blvd,"4471 Clairemont Mesa Blvd, Clairemont CA",https://www.yelp.com/biz/el-rey-moro-taco-shop-san-diego,4,3.8,7.49,3,4,2,5,5,1,3,5,4,3,4,Elynn,
El Torrito Foods,Asada,Asada Burrito,Carne Asada / Beef,Burrito,42638,Vista,249 Emerald Dr,"249 Emerald Dr, Vista CA",https://www.yelp.com/biz/el-torito-foods-vista-2,4,4.4,7.49,1,4,3,4,4.5,5,4.5,3,4.5,4,4,Sandra,
El Torrito Foods,Adobada,Adobada Burrito,Carnitas / Pork,Burrito,42638,Vista,249 Emerald Dr,"249 Emerald Dr, Vista CA",https://www.yelp.com/biz/el-torito-foods-vista-2,4,4.4,7.89,4,4,2,4,3,4,4,4,3.5,4,3.5,Brent,
El Zarape,California,California Burrito,California,Burrito,42443,University Heights,4642 Park Blvd,"4642 Park Blvd, University Heights CA",https://www.yelp.com/biz/el-zarape-san-diego,4,4.4,8.95,5,4,4,5,5,5,4,5,5,5,5,Sankeerth,
El Zarape,California chicken,California chicken Burrito,California,Burrito,42443,University Heights,4642 Park Blvd,"4642 Park Blvd, University Heights CA",https://www.yelp.com/biz/el-zarape-san-diego,4,4.4,6.95,4,3,3.5,2,3.5,3,2.5,2.5,2.5,2,2.9,Scott,
El Zarape,Azteca,Azteca Burrito,Specialty,Burrito,42443,University Heights,4642 Park Blvd,"4642 Park Blvd, University Heights CA",https://www.yelp.com/biz/el-zarape-san-diego,4,4.4,7,3.5,3,5,3,3.5,3,1.5,3,3,4,3.3,Scott,
El Zarape,Lobster,Lobster Burrito,Seafood,Burrito,42443,University Heights,4642 Park Blvd,"4642 Park Blvd, University Heights CA",https://www.yelp.com/biz/el-zarape-san-diego,4,4.4,8.75,3,3,4,2.7,4.7,3,2.4,2,3.7,4.5,3.7,Bankole,
El Zarape,Surf and Turf,Surf and Turf Burrito,Seafood,Burrito,42509,University Heights,4642 Park Blvd,"4642 Park Blvd, University Heights CA",https://www.yelp.com/biz/el-zarape-san-diego,4,4.4,8.75,4,4.5,3.8,3.8,4.5,3.4,1.5,3,3.8,4,3.8,Katie,
El Zarape,California,California Burrito,California,Burrito,42682,University Heights,4642 Park Blvd,"4642 Park Blvd, University Heights CA",https://www.yelp.com/biz/el-zarape-san-diego,4,4.4,6.65,4,3,4.5,2.5,2,3.5,5,1.5,2,1.5,2.5,Scott,Fries are terrible. Burrito leaked
El Zarape,California,California Burrito,California,Burrito,42682,University Heights,4642 Park Blvd,"4642 Park Blvd, University Heights CA",https://www.yelp.com/biz/el-zarape-san-diego,4,4.4,6.6,4,4,3.5,4,4,3.5,4,4,4.5,4.5,4,Ricardo,
El Zarape,California,California Burrito,California,Burrito,42682,University Heights,4642 Park Blvd,"4642 Park Blvd, University Heights CA",https://www.yelp.com/biz/el-zarape-san-diego,4,4.4,6.6,4.5,4,3,3,3,3.5,3,,3.5,4.5,3,Erin,Meat was too salty
El Zarape,Carne Asada supreme,Carne Asada supreme Burrito,Carne Asada / Beef,Burrito,42682,University Heights,4642 Park Blvd,"4642 Park Blvd, University Heights CA",https://www.yelp.com/biz/el-zarape-san-diego,4,4.4,7.5,4,4,5,4,5,5,4,5,4,4,4,Elynn,
Famoso Mexican Street Food,Cali Diablo,Cali Diablo Burrito,Specialty,Burrito,42688,Downtown,815 C St,"815 C St, Downtown CA",https://www.yelp.com/biz/famoso-mexican-street-food-san-diego-20,4.5,3.9,6.25,3.5,4,3.5,4,4,5,5,,5,4.5,4.2,Luis,
Filiberto's,Adobada,Adobada Burrito,Carnitas / Pork,Burrito,42857,Encinitas,476 S Coast Hwy 101,"476 S Coast Hwy 101, Encinitas CA",https://www.yelp.com/biz/filibertos-encinitas-2,3,3.8,6.6,5,5,4,,5,5,4,,5,3,4.5,Matteo,
Filiberto's,California,California Burrito,California,Burrito,42857,Encinitas,476 S Coast Hwy 101,"476 S Coast Hwy 101, Encinitas CA",https://www.yelp.com/biz/filibertos-encinitas-2,3,3.8,6,2,5,4.5,5,5,5,5,,5,4,5,Aga,
Gloria's Taco Shop,California ,California Burrito,California,Burrito,42706,South Park,1233 28th St,"1233 28th St, South Park CA",https://www.yelp.com/biz/glorias-taco-shop-san-diego,4,4.3,7.99,3,4,4,4,3.5,2.5,3.5,4,3.5,2.5,3.7,Scott,
Gloria's Taco Shop,Cabeza,Cabeza Burrito,Specialty,Burrito,42706,South Park,1233 28th St,"1233 28th St, South Park CA",https://www.yelp.com/biz/glorias-taco-shop-san-diego,4,4.3,6.99,2.5,3.5,4,3.5,3.5,3,1,4,4,4.5,3.8,Emily,
Goody's,Custom,Custom Burrito,Specialty,Burrito,42510,La Jolla,Marshall College,"Marshall College, La Jolla CA",https://www.yelp.com/biz/goodys-place-and-market-la-jolla,3.5,4.1,5.55,3.5,4,4.5,3,3,5,3,4,3,5,3.5,Scott,
Goody's,Custom,Custom Burrito,Specialty,Burrito,40679,La Jolla,Marshall College,"Marshall College, La Jolla CA",https://www.yelp.com/biz/goodys-place-and-market-la-jolla,3.5,4.1,5.55,2.5,4.5,4,3.5,4,3.5,4,3,4,5,3.9,Emily,
Goody's,Custom,Custom Burrito,Specialty,Burrito,42510,La Jolla,Marshall College,"Marshall College, La Jolla CA",https://www.yelp.com/biz/goodys-place-and-market-la-jolla,3.5,4.1,7.25,3.5,1.5,1,2,2,2,2,2,2,1,1.8,Scott,Grocery store tortilla; cold guac
Goody's,Carne Asada,Carne Asada Burrito,Carne Asada / Beef,Burrito,42511,La Jolla,Marshall College,"Marshall College, La Jolla CA",https://www.yelp.com/biz/goodys-place-and-market-la-jolla,3.5,4.1,6.5,5,3,,4,5,4,4,,5,5,5,Erika N,
Graciela's Taco Shop,Adobada ,Adobada  Burrito,Carnitas / Pork,Burrito,42414,Bonita,5047 Central Ave,"5047 Central Ave, Bonita CA",https://www.yelp.com/biz/gracielas-taco-shop-bonita-2,4,4.5,11.75,4,3,,4,5,4,4,5,4,3,4,Sai G,
Graciela's Taco Shop,Barbacoa,Barbacoa Burrito,Carne Asada / Beef,Burrito,42414,Bonita,5047 Central Ave,"5047 Central Ave, Bonita CA",https://www.yelp.com/biz/gracielas-taco-shop-bonita-2,4,4.5,6.5,4,3,,4,4,5,4,4,5,4,5,Jonathan G,Great fish burrito. Not fishy and has great crunch from both cabbage and fried fish. Super generous with amount of fish given
Humbertos,Pollo california,Pollo California Burrito,Chicken,Burrito,42517,San Diego,1015 25th St,"1015 25th St, San Diego CA",,,,6.5,5,4,,4,4,5,4,4,4,5,4,Laya,A LOT of Carne Asada!
Jorge's Mexicatessen,California ,California Burrito,California,Burrito,42484,Encinitas ,267 N El Camino Real,"267 N El Camino Real, Encinitas  CA",https://www.yelp.com/biz/jorges-mexicatessen-encinitas,4,4.5,8,4,3,,2,3,2,3,2,3,2,2,Albert N,"The price has gone up for the past two years. I would probably rate this lower because of it, but my scores were on raw taste only."
Jorge's Mexicatessen,Chimichanga beef,Chimichanga beef Burrito,Carne Asada / Beef,Burrito,42484,Encinitas ,267 N El Camino Real,"267 N El Camino Real, Encinitas  CA",https://www.yelp.com/biz/jorges-mexicatessen-encinitas,4,4.5,8,3,3,,1,2,2,2,2,2,1,2,Brittany T,It's gone downhill since 2013. Expensive and only ate it because there's nothing else around. closes early. skimping on the portions.
Jose's Taco,California,California Burrito,California,Burrito,42648,Oceanside,3910 Vista Way,"3910 Vista Way, Oceanside CA",https://www.yelp.com/biz/joses-taco-oceanside,4,3.8,7,3.5,3,,5,3,3,4,4,4,4,4,Gurkirat S,
Juanita's Taco Shop,California ,California Burrito,California,Burrito,42508,Encinitas ,290 N Coast Hwy 101,"290 N Coast Hwy 101, Encinitas  CA",https://www.yelp.com/biz/juanitas-taco-shop-encinitas,4,4.5,,4,5,,5,5,5,4,5,5,5,4.8,Erica,
Juanita's Taco Shop,Arizona,Arizona Burrito,Specialty,Burrito,42508,Encinitas ,290 N Coast Hwy 101,"290 N Coast Hwy 101, Encinitas  CA",https://www.yelp.com/biz/juanitas-taco-shop-encinitas,4,4.5,7.14,3.5,4,2,4,5,4,2,4,4.5,5,4.4,Scott,not too much rice
JV's Mexican Food,Carne Asada,Carne Asada Burrito,Carne Asada / Beef,Burrito,42406,Morena,1112 Morena Blvd,"1112 Morena Blvd, Morena CA",http://jvsmexfood.com/,4,4.1,7.14,5,4,2,4.5,4,3.5,2,3,4,4,4.1,Sage,hashbrowns instead of fries; anterior-posterior uniformity is good but medial-lateral is bad
JV's Mexican Food,Surf and Turf,Surf and Turf Burrito,Seafood,Burrito,42406,Morena,1112 Morena Blvd,"1112 Morena Blvd, Morena CA",http://jvsmexfood.com/,4,4.1,6.02,3.2,4.5,2,3.3,3.4,4.5,4.5,3.8,3.7,5,3.7,Dan,one hot side and one cold side from the guac
Karina's Taco Shop ,Bomb,Bomb Burrito,Specialty,Burrito,42505,Encinitas ,916 N Coast Hwy 101,"916 N Coast Hwy 101, Encinitas  CA",https://www.yelp.com/biz/karinas-taco-shop-encinitas,4,4.2,6.5,2,1.5,4,2,2,4.5,1,1,2,5,1.5,Scott,
Karina's Taco Shop ,California ,California Burrito,California,Burrito,42505,Encinitas ,916 N Coast Hwy 101,"916 N Coast Hwy 101, Encinitas  CA",https://www.yelp.com/biz/karinas-taco-shop-encinitas,4,4.2,5.4,3,2,3.5,4,2.5,3.5,1.5,1.5,3,5,2.7,Emily,
King Burrito,Adobada,Adobada Burrito,Carnitas / Pork,Burrito,42598,Oceanside,3490 Marron Rd,"3490 Marron Rd, Oceanside CA",https://www.yelp.com/biz/king-burrito-oceanside-2,4,3.9,5.99,4,4.5,5,3,4,2,2,2,3.75,4,3.2,Scott,not 100% certain about the ingredients (was there guac and pico?)
King Burrito,California,California Burrito,California,Burrito,42598,Oceanside,3490 Marron Rd,"3490 Marron Rd, Oceanside CA",https://www.yelp.com/biz/king-burrito-oceanside-2,4,3.9,5.5,3,3.5,4,3.5,3,3.5,3.5,2.5,3,2.5,3,Emily,"Best free chips, novel burrito"
Kotija Jr,California,California Burrito,California,Burrito,42966,Del Mar,2668 Del Mar Heights Rd,"2668 Del Mar Heights Rd, Del Mar CA",https://www.yelp.com/biz/kotija-jr-taco-shop-del-mar,4,4.2,6.25,4,1.5,2.5,3,4.5,4,2,2.75,3.75,3,2.6,Scott,Way too small
Kotija Jr,Steak fajitas,Steak fajitas Burrito,Carne Asada / Beef,Burrito,42966,Del Mar,2668 Del Mar Heights Rd,"2668 Del Mar Heights Rd, Del Mar CA",https://www.yelp.com/biz/kotija-jr-taco-shop-del-mar,4,4.2,8.95,3.5,3,3,4,4,3.5,3.5,2.5,4,0.5,3,Emily,
Kotija Jr.,Fish,Fish Burrito,Seafood,Burrito,42510,Del Mar,2668 Del Mar Heights Rd,"2668 Del Mar Heights Rd, Del Mar CA",https://www.yelp.com/biz/kotija-jr-taco-shop-del-mar,4,4.2,3.5,1,3.5,4.5,,3,,4,3,2.5,4,2.7,Scott,
La Morena Taco Shop and Seafood,California,California Burrito,California,Burrito,42635,Webster,5059 Federal Blvd,"5059 Federal Blvd, Webster CA",https://www.yelp.com/biz/la-morena-taco-shop-san-diego,4.5,4.7,11.95,4,3.5,4,4,4.5,2.5,2.5,3,4,2,4.2,Scott,Lotus chips add good crunch
La Perla Cocina,Addiction,Addiction Burrito,Specialty,Burrito,42459,Pacific Beach,745 Emerald St,"745 Emerald St, Pacific Beach CA",https://www.yelp.com/biz/la-perla-cocina-mexicana-san-diego,4.5,4.7,11.95,3,3,4,4,4,3,2.5,4.5,4,1.5,4,Emily,
La Perla Cocina,Oaxacalifornia,OaxaCalifornia Burrito,California,Burrito,42459,Pacific Beach,745 Emerald St,"745 Emerald St, Pacific Beach CA",https://www.yelp.com/biz/la-perla-cocina-mexicana-san-diego,4.5,4.7,7.5,4,3,5,3.5,3.5,4,4,2.5,3,5,3.5,Sage,
La Perla Cocina,California,California Burrito,California,Burrito,42506,Pacific Beach,745 Emerald St,"745 Emerald St, Pacific Beach CA",https://www.yelp.com/biz/la-perla-cocina-mexicana-san-diego,4.5,4.7,4.87,2,3,4,1.5,2,3,5,3,2.5,5,2.6,Scott,"It's pretty good for what it is, but just not the best ingredients for a burrito. also Few white people"
Lola's 7 Up Market & Deli,Shredded beef,Shredded beef Burrito,Carne Asada / Beef,Burrito,42429,Carlsbad,3292 Roosevelt St,"3292 Roosevelt St, Carlsbad CA",https://www.yelp.com/biz/lolas-7-up-market-and-deli-carlsbad,4.5,4.9,4.87,2.5,3.5,3,2.5,2.4,3.5,4.5,3,3,1.5,2.6,Emily,
Lola's 7 Up Market & Deli,Carne Asada,Carne Asada Burrito,Carne Asada / Beef,Burrito,42429,Carlsbad,3292 Roosevelt St,"3292 Roosevelt St, Carlsbad CA",https://www.yelp.com/biz/lolas-7-up-market-and-deli-carlsbad,4.5,4.9,6.25,4.5,3.5,3,2,2,2.5,3,2,1.5,1,2,Kevin,"Sucks, but it is okay."
Lolita's taco shop,Bean and Cheese,Bean and Cheese Burrito,Vegetarian,Burrito,42509,Kearny Mesa,7305 Clairemont Mesa Blvd,"7305 Clairemont Mesa Blvd, Kearny Mesa CA",http://lolitasmexicanfood.com/,4,4.4,5.25,4,4,5,,5,4,4,5,5,5,4.8,Brian,"Great rice and beans burrito, doesn't come with cheese or sour cream. "
Lolita's taco shop,2 in 1,2 in 1 Burrito,Specialty,Burrito,42424,Kearny Mesa,7305 Clairemont Mesa Blvd,"7305 Clairemont Mesa Blvd, Kearny Mesa CA",http://lolitasmexicanfood.com/,4,4.4,8.25,4,5,5,5,5,5,5,,5,4.5,4.9,Brian,
Lolita's taco shop,Adobado,Adobado Burrito,Carnitas / Pork,Burrito,42424,Kearny Mesa,7305 Clairemont Mesa Blvd,"7305 Clairemont Mesa Blvd, Kearny Mesa CA",http://lolitasmexicanfood.com/,4,4.4,4.59,4,4,4,5,5,5,5,5,5,4,4.8,Chuck K,
Lolita's taco shop,California,California Burrito,California,Burrito,42502,Kearny Mesa,7305 Clairemont Mesa Blvd,"7305 Clairemont Mesa Blvd, Kearny Mesa CA",http://lolitasmexicanfood.com/,4,4.4,2.99,3,4.5,3.5,,4.5,,3.5,3,4,4,4.5,Sarah,Got green and hot salsa put inside the burrito-drive thru
Lolita's taco shop,2 in 1,2 in 1 Burrito,Specialty,Burrito,42502,Kearny Mesa,7305 Clairemont Mesa Blvd,"7305 Clairemont Mesa Blvd, Kearny Mesa CA",http://lolitasmexicanfood.com/,4,4.4,7,2.5,5,5,5,5,5,5,5,5,5,5,Damien B,Get the green sauce
Lolita's taco shop,2 in 1,2 in 1 Burrito,Specialty,Burrito,42502,Kearny Mesa,7305 Clairemont Mesa Blvd,"7305 Clairemont Mesa Blvd, Kearny Mesa CA",http://lolitasmexicanfood.com/,4,4.4,,4.3,3.8,4,,4.7,,5,,4.7,5,4.8,,
Lolita's Taco shop,Carne Asada,Carne Asada Burrito,Carne Asada / Beef,Burrito,42517,Kearny Mesa,7305 Clairemont Mesa Blvd,"7305 Clairemont Mesa Blvd, Kearny Mesa CA",http://lolitasmexicanfood.com/,4,4.4,6,5,4,5,5,5,5,4,5,5,5,5,Logan,
Lolita's Taco shop,Shrimp,Shrimp Burrito,Seafood,Burrito,42517,Kearny Mesa,7305 Clairemont Mesa Blvd,"7305 Clairemont Mesa Blvd, Kearny Mesa CA",http://lolitasmexicanfood.com/,4,4.4,9.43,,4,5,5,5,5,5,5,5,5,5,Chris H,
Lolita's Taco shop,Bean and Cheese,Bean and Cheese Burrito,Vegetarian,Burrito,42517,Kearny Mesa,7305 Clairemont Mesa Blvd,"7305 Clairemont Mesa Blvd, Kearny Mesa CA",http://lolitasmexicanfood.com/,4,4.4,9.25,3.5,2,1,3,3,1,,3,2,4,2.3,Scott,
Lolita's Taco Shop,California,California Burrito,California,Burrito,42544,Kearny Mesa,7305 Clairemont Mesa Blvd,"7305 Clairemont Mesa Blvd, Kearny Mesa CA",http://lolitasmexicanfood.com/,4,4.4,7,3,4.5,4,3.5,4,1,1,2,2,4,2.5,Ricardo,
Lolita's Taco Shop,California,California Burrito,California,Burrito,42544,Kearny Mesa,7305 Clairemont Mesa Blvd,"7305 Clairemont Mesa Blvd, Kearny Mesa CA",http://lolitasmexicanfood.com/,4,4.4,6.25,2.5,3,4,3,2,1.5,1,3,1.5,3,2,Erin,
Lolita's Taco Shop,California,California Burrito,California,Burrito,42544,Kearny Mesa,7305 Clairemont Mesa Blvd,"7305 Clairemont Mesa Blvd, Kearny Mesa CA",http://lolitasmexicanfood.com/,4,4.4,6,4,3,3,1,4,2,2,3,2,1,2,Elynn,
Lolita's Taco Shop,Mixed,Mixed Burrito,Specialty,Burrito,42544,Kearny Mesa,7305 Clairemont Mesa Blvd,"7305 Clairemont Mesa Blvd, Kearny Mesa CA",http://lolitasmexicanfood.com/,4,4.4,6,3,4,3.5,4,4,2,4,4,4,3,3.8,Rob,
Los Cabos,California,California Burrito,California,Burrito,42609,San Marcos,165 S Rancho Santa Fe Rd,"165 S Rancho Santa Fe Rd, San Marcos CA",https://www.yelp.com/biz/los-cabos-san-marcos,4,4.1,6.35,4.5,4,4,2.5,2,3,2,2,2,3,2,Matteo,
Los Cabos,Al pastor,Al Pastor Burrito,Carnitas / Pork,Burrito,42609,San Marcos,165 S Rancho Santa Fe Rd,"165 S Rancho Santa Fe Rd, San Marcos CA",https://www.yelp.com/biz/los-cabos-san-marcos,4,4.1,7.9,3.5,3.5,4.5,4.5,4,1.5,1.5,3,4,5,3.5,Scott,
Los palmitos,California,California Burrito,California,Burrito,42848,Clairemont,5145 Clairemont Mesa Blvd,"5145 Clairemont Mesa Blvd, Clairemont CA",https://www.yelp.com/biz/los-palmitos-taco-shop-san-diego,4,4.1,8.5,3.5,4,4,4,3.5,4,4,4,4.5,4.5,4.2,Emily,
Los palmitos,Surf and Turf,Surf and Turf Burrito,Seafood,Burrito,42848,Clairemont,5145 Clairemont Mesa Blvd,"5145 Clairemont Mesa Blvd, Clairemont CA",https://www.yelp.com/biz/los-palmitos-taco-shop-san-diego,4,4.1,6.99,3.5,4,3.5,4,3.5,4,5,2.5,4,4.5,3.9,Scott,
Los Panchos Taco Shop,California,California Burrito,California,Burrito,42697,Hillcrest,409 Washington St,"409 Washington St, Hillcrest CA",https://www.yelp.com/biz/los-panchos-san-diego-2,3,3.4,6.99,5,4,4,4,4,2,3,3,4,3,3.5,Brad P,
Los Panchos Taco Shop,Bitchin California,Bitchin California Burrito,California,Burrito,42697,Hillcrest,409 Washington St,"409 Washington St, Hillcrest CA",https://www.yelp.com/biz/los-panchos-san-diego-2,3,3.4,5.7,3.5,3.5,3,3,4,1.5,4,4,4,4,3.7,Scott,
Los Panchos Taco Shop,Tijuana,Tijuana Burrito,Specialty,Burrito,42697,Hillcrest,409 Washington St,"409 Washington St, Hillcrest CA",https://www.yelp.com/biz/los-panchos-san-diego-2,3,3.4,5.25,4,3.5,3,2.8,3.5,4,4,4,3.5,5,3.2,Emily,
Los Primos Mexican Food,Monster California,Monster California Burrito,California,Burrito,42401,UTC,7770 Regents Rd,"7770 Regents Rd, UTC CA",http://www.primosmex.com/,3,3.7,9.19,2.8,3.5,4.5,4,3.5,5,4.5,3,3.5,5,4,Scott,shrimp is really good. too much chipotle sauce
Los Primos Mexican Food,619 Burrito Original,619 Burrito Original Burrito,Specialty,Burrito,42506,UTC,7770 Regents Rd,"7770 Regents Rd, UTC CA",http://www.primosmex.com/,3,3.7,7.85,3,3,4.5,4.5,3.5,3.5,3.5,1,4,1,3.5,Scott,
Los Primos Mexican Food,California,California Burrito,California,Burrito,42519,UTC,7770 Regents Rd,"7770 Regents Rd, UTC CA",http://www.primosmex.com/,3,3.7,6.85,4,3,5,4,3,5,4,3,4,3,4,Christian,
Los Primos Mexican Food,Monster California,Monster California Burrito,California,Burrito,42524,UTC,7770 Regents Rd,"7770 Regents Rd, UTC CA",http://www.primosmex.com/,3,3.7,6.85,4,4,5,3.5,3,4,4,3,3,3,3.5,Sam H,
Los Primos Mexican Food,California,California Burrito,California,Burrito,42524,UTC,7770 Regents Rd,"7770 Regents Rd, UTC CA",http://www.primosmex.com/,3,3.7,6.94,4,4,4,4,4.5,3.2,3,4.5,4.5,2,4.5,Scott,Salsa verde has an interesting hint of garlic
Los Primos Mexican Food,California breakfast,California breakfast Burrito,California,Burrito,42524,UTC,7770 Regents Rd,"7770 Regents Rd, UTC CA",http://www.primosmex.com/,3,3.7,6.94,3.75,3.5,3.5,3.5,3.5,4,4,4.5,3.5,4.5,3.8,Emily,
Los Primos Mexican Food,Baja monster,Baja monster Burrito,Specialty,Burrito,42524,UTC,7770 Regents Rd,"7770 Regents Rd, UTC CA",http://www.primosmex.com/,3,3.7,7,2.2,2.8,3,3,2,2,4.5,2,1.5,4.5,2.3,Scott,
Los Primos Mexican Food,Baja monster,Baja monster Burrito,Specialty,Burrito,42524,UTC,7770 Regents Rd,"7770 Regents Rd, UTC CA",http://www.primosmex.com/,3,3.7,7,3.5,4,4,4,3,4,5,4,4,5,4,Cris,
Los Primos Mexican Food,Carnitas,Carnitas Burrito,Carnitas / Pork,Burrito,42524,UTC,7770 Regents Rd,"7770 Regents Rd, UTC CA",http://www.primosmex.com/,3,3.7,7,3,3.5,2,3,4,2,4,3,3,4,3,Matt,
Los Primos Mexican Food,Surf and Turf,Surf and Turf Burrito,Seafood,Burrito,42588,UTC,7770 Regents Rd,"7770 Regents Rd, UTC CA",http://www.primosmex.com/,3,3.7,8.25,4,4,3,4,4,4,5,3,4,5,3.5,Marc,
Los Primos Mexican Food,Adobada,Adobada Burrito,Carnitas / Pork,Burrito,42588,UTC,7770 Regents Rd,"7770 Regents Rd, UTC CA",http://www.primosmex.com/,3,3.7,6.25,3,3.8,1.3,3.5,3.5,4.5,4.5,3.5,4,5,3.9,Scott,Temperature brought it down
Los Primos Mexican Food,Carne Asada,Carne Asada Burrito,Carne Asada / Beef,Burrito,42588,UTC,7770 Regents Rd,"7770 Regents Rd, UTC CA",http://www.primosmex.com/,3,3.7,6.25,4.5,4,4,4.5,4,4,3.5,4,4,4.5,4.25,Ricardo,
Los Tacos,California ,California Burrito,California,Burrito,42631,Oceanside,2183 Vista Way,"2183 Vista Way, Oceanside CA",https://www.yelp.com/biz/los-tacos-oceanside,4,4.2,6.25,4,3,2.5,4,4,4,2,2,3,4,4,Elynn,
Los Tacos,Local,Local Burrito,Specialty,Burrito,42631,Oceanside,2183 Vista Way,"2183 Vista Way, Oceanside CA",https://www.yelp.com/biz/los-tacos-oceanside,4,4.2,6.25,3,5,4,4,4.5,4,4.5,,4,4,4.5,Erin,
Los Tacos,Fusion,Fusion Burrito,Specialty,Burrito,42742,Oceanside,2183 Vista Way,"2183 Vista Way, Oceanside CA",https://www.yelp.com/biz/los-tacos-oceanside,4,4.2,6.25,4,4,3.5,4.5,4,4.5,4,4.5,4.5,5,4.5,Luis,
Los Tacos,Local,Local Burrito,Specialty,Burrito,42742,Oceanside,2183 Vista Way,"2183 Vista Way, Oceanside CA",https://www.yelp.com/biz/los-tacos-oceanside,4,4.2,5.5,4.5,5,4,5,4,4.5,4,4,4.5,4,4.5,Matteo,
Los Tacos,Local,Local Burrito,Specialty,Burrito,42750,Oceanside,2183 Vista Way,"2183 Vista Way, Oceanside CA",https://www.yelp.com/biz/los-tacos-oceanside,4,4.2,6.25,3,4,3,4,3,4,3,3,4,4,4,Brent,
Los Tacos,Local,Local Burrito,Specialty,Burrito,42750,Oceanside,2183 Vista Way,"2183 Vista Way, Oceanside CA",https://www.yelp.com/biz/los-tacos-oceanside,4,4.2,6.25,4.5,4,5,4.5,4,4.5,4,3,4,5,4.5,Daniel,
Los Tacos,Local,Local Burrito,Specialty,Burrito,42791,Oceanside,2183 Vista Way,"2183 Vista Way, Oceanside CA",https://www.yelp.com/biz/los-tacos-oceanside,4,4.2,6.25,5,4,3,5,4,4,4,5,5,3,4.2,Alejandro,
Los Tacos,Local,Local Burrito,Specialty,Burrito,42791,Oceanside,2183 Vista Way,"2183 Vista Way, Oceanside CA",https://www.yelp.com/biz/los-tacos-oceanside,4,4.2,6.25,4,4,4,3.5,4,3,4,4,3.5,4.5,3.75,Ricardo,
Los Tacos,Local,Local Burrito,Specialty,Burrito,42791,Oceanside,2183 Vista Way,"2183 Vista Way, Oceanside CA",https://www.yelp.com/biz/los-tacos-oceanside,4,4.2,6.25,4,3,2,4,5,4,4,3,4,3,4,Elynn,
Los Tacos,Local,Local Burrito,Specialty,Burrito,42791,Oceanside,2183 Vista Way,"2183 Vista Way, Oceanside CA",https://www.yelp.com/biz/los-tacos-oceanside,4,4.2,6.25,4,4,3.5,3.5,4,3.5,4,3.5,4,4.5,4,Matteo,
Los Tacos,Local,Local Burrito,Specialty,Burrito,42982,Oceanside,2183 Vista Way,"2183 Vista Way, Oceanside CA",https://www.yelp.com/biz/los-tacos-oceanside,4,4.2,6.25,3.5,3.5,2,3,3.5,3.5,2.5,2.5,3.5,4.5,3.4,Scott,
Los Tacos,Local,Local Burrito,Specialty,Burrito,42982,Oceanside,2183 Vista Way,"2183 Vista Way, Oceanside CA",https://www.yelp.com/biz/los-tacos-oceanside,4,4.2,6.25,3,4,4,4.5,5,4.75,5,4,4.5,4.5,,Aga,
Los Tacos,Local,Local Burrito,Specialty,Burrito,42526,Oceanside,2183 Vista Way,"2183 Vista Way, Oceanside CA",https://www.yelp.com/biz/los-tacos-oceanside,4,4.2,7,4.31,3,2.5,3.5,3,3.5,4,3,3,4,,Hannah,
Los Tacos,Fusion,Fusion Burrito,Specialty,Burrito,42526,Oceanside,2183 Vista Way,"2183 Vista Way, Oceanside CA",https://www.yelp.com/biz/los-tacos-oceanside,4,4.2,6.25,4.5,4.5,4,4,4.5,4,4,4.5,4.5,4,4,Brent,
Los Tacos 2,Al pastor tradicional ,Al pastor tradicional  Burrito,Carnitas / Pork,Burrito,42868,Oceanside,3480 Marron Rd,"3480 Marron Rd, Oceanside CA",https://www.yelp.com/biz/los-tacos-oceanside-2,4.5,5,7,2.5,4,4,2,3,2,3.5,3,3,4.5,2.5,Emily,
Los Tacos 2,Cheese steak,Cheese steak Burrito,Carne Asada / Beef,Burrito,42884,Oceanside,3480 Marron Rd,"3480 Marron Rd, Oceanside CA",https://www.yelp.com/biz/los-tacos-oceanside-2,4.5,5,6.25,2,4,2.5,2.5,3,2,4,3.5,3,4.5,2.6,Scott,
Los Tacos 2,Local,Local Burrito,Specialty,Burrito,42938,Oceanside,3480 Marron Rd,"3480 Marron Rd, Oceanside CA",https://www.yelp.com/biz/los-tacos-oceanside-2,4.5,5,7,4,3.5,3,2,2,1,3,3.5,1.5,4,2,Ricardo,
Los Tacos 2,Local,Local Burrito,Specialty,Burrito,42938,Oceanside,3480 Marron Rd,"3480 Marron Rd, Oceanside CA",https://www.yelp.com/biz/los-tacos-oceanside-2,4.5,5,6.25,3.5,3.5,3.5,2.5,2.5,2.5,4,2,1.5,5,2.2,Scott,
Lourdes,Carnitas,Carnitas Burrito,Carnitas / Pork,Burrito,42797,Encinitas,2113 San Elijo Ave,"2113 San Elijo Ave, Encinitas CA",https://www.yelp.com/biz/lourdes-encinitas-2,4,4.7,6.25,4,4,5,3,3,4,3.5,4,4,5,3.75,Sage,
Lourdes,California,California Burrito,California,Burrito,42797,Encinitas,2113 San Elijo Ave,"2113 San Elijo Ave, Encinitas CA",https://www.yelp.com/biz/lourdes-encinitas-2,4,4.7,4.99,4,4.5,4.5,3.5,4,4.5,5,2.5,4.5,5,4.3,Scott,
Lucha Libre North Park,Surf and Turf,Surf and Turf Burrito,Seafood,Burrito,42612,North Park,3016 University Ave,"3016 University Ave, North Park CA",https://www.yelp.com/biz/lucha-libre-san-diego,3.5,4.3,6.89,4,3.5,4.5,3.5,3.5,3,1.5,2.5,3.5,5,3.5,Scott,good fries
Lucha Libre North Park,Surf and Turf,Surf and Turf Burrito,Seafood,Burrito,42612,North Park,3016 University Ave,"3016 University Ave, North Park CA",https://www.yelp.com/biz/lucha-libre-san-diego,3.5,4.3,6.89,5,3,5,4.5,4.5,3,4,4.5,4,4.5,4,Brent,very little guac
Lucha Libre North Park,Surf and Turf,Surf and Turf Burrito,Seafood,Burrito,42612,North Park,3016 University Ave,"3016 University Ave, North Park CA",https://www.yelp.com/biz/lucha-libre-san-diego,3.5,4.3,4.99,3.5,3,3,3,3,2.5,2,2.5,3,4,2.8,Emily,Too much tortilla per bite
Lucha Libre North Park,Surf and Turf,Surf and Turf Burrito,Seafood,Burrito,42612,North Park,3016 University Ave,"3016 University Ave, North Park CA",https://www.yelp.com/biz/lucha-libre-san-diego,3.5,4.3,5.29,3.5,2.5,4.5,2,3,2.5,1.5,3,2,4.5,2.5,Scott,it does taste homemade. but that's not a good thing
Lucha Libre North Park,Surf and Turf,Surf and Turf Burrito,Seafood,Burrito,42612,North Park,3016 University Ave,"3016 University Ave, North Park CA",https://www.yelp.com/biz/lucha-libre-san-diego,3.5,4.3,7.49,2,4,5,4.5,3.5,3.5,2,3.5,4,5,4,Scott,
Lucha Libre North Park,Surfin California,Surfin California Burrito,California,Burrito,42612,North Park,3016 University Ave,"3016 University Ave, North Park CA",https://www.yelp.com/biz/lucha-libre-san-diego,3.5,4.3,7.49,2.5,3.5,5,4,3,4,4.5,3,3.5,5,4,TJ,
Lucha Libre North Park,Surfin California,Surfin California Burrito,California,Burrito,42612,North Park,3016 University Ave,"3016 University Ave, North Park CA",https://www.yelp.com/biz/lucha-libre-san-diego,3.5,4.3,6.5,3.5,2.5,4,3.5,4,4,3,1.5,3.5,5,3.6,Scott,really good guac
Lucha Libre North Park,Surfin California,Surfin California Burrito,California,Burrito,42612,North Park,3016 University Ave,"3016 University Ave, North Park CA",https://www.yelp.com/biz/lucha-libre-san-diego,3.5,4.3,6.5,5,4.5,4.5,3.5,4,4,3.5,4,4,4,4,Brent,
Lucha Libre North Park,Surfin California,Surfin California Burrito,California,Burrito,42612,North Park,3016 University Ave,"3016 University Ave, North Park CA",https://www.yelp.com/biz/lucha-libre-san-diego,3.5,4.3,6.25,3.5,2.5,3.5,3,3,5,4.5,3.5,2,5,2.9,Scott,"guac is good, very avocado-y"
Lucha Libre North Park,Surfin California,Surfin California Burrito,California,Burrito,42612,North Park,3016 University Ave,"3016 University Ave, North Park CA",https://www.yelp.com/biz/lucha-libre-san-diego,3.5,4.3,6.25,3,3,4,4,3,3.5,4.5,4,4,5,4,Emily,feels very dense; a lot of meat
Lucha Libre North Park,Surfin California,Surfin California Burrito,California,Burrito,42612,North Park,3016 University Ave,"3016 University Ave, North Park CA",https://www.yelp.com/biz/lucha-libre-san-diego,3.5,4.3,5.99,4,4,4.5,2.5,2.5,2.5,1.5,3,4,5,3,Scott,Repeatedly get large bites of sour cream
Lucha Libre North Park,Surfin California,Surfin California Burrito,California,Burrito,42612,North Park,3016 University Ave,"3016 University Ave, North Park CA",https://www.yelp.com/biz/lucha-libre-san-diego,3.5,4.3,5.69,3,4,4.5,3,3.5,4,3.5,2.5,4,4.5,4,Emily,Really good with lime
Lucha Libre North Park,Nutty,Nutty Burrito,Specialty,Burrito,42612,North Park,3016 University Ave,"3016 University Ave, North Park CA",https://www.yelp.com/biz/lucha-libre-san-diego,3.5,4.3,7.99,3.5,1.5,4,3,3,1.5,4.5,2.5,3,1.5,3.2,Scott,
Lucha Libre North Park,Veg Out,Veg Out Burrito,Vegetarian,Burrito,42612,North Park,3016 University Ave,"3016 University Ave, North Park CA",https://www.yelp.com/biz/lucha-libre-san-diego,3.5,4.3,8.25,4,3,2.5,3,3,3,3,3.5,3,3,3,Hannah,
Lucha Libre North Park,Veggie,Veggie Burrito,Vegetarian,Burrito,42612,North Park,3016 University Ave,"3016 University Ave, North Park CA",https://www.yelp.com/biz/lucha-libre-san-diego,3.5,4.3,8.25,3,5,3,5,4,2,2,5,2,2,2,Tammy,
Lucha Libre North Park,Bean and Cheese,Bean and Cheese Burrito,Vegetarian,Burrito,42612,North Park,3016 University Ave,"3016 University Ave, North Park CA",https://www.yelp.com/biz/lucha-libre-san-diego,3.5,4.3,8.25,3.9,2.1,1.9,2.6,2.4,2.9,3.2,4,2.5,3,2.4,Bankole,Not as good as the first time
Lucha Libre North Park,California - Steak,California - Steak Burrito,California,Burrito,42612,North Park,3016 University Ave,"3016 University Ave, North Park CA",https://www.yelp.com/biz/lucha-libre-san-diego,3.5,4.3,8.25,4,3,2.5,2,2.8,3.5,3.5,4,3,4,2.2,Melissa N,
Lucha Libre North Park,California - Steak,California - Steak Burrito,California,Burrito,42612,North Park,3016 University Ave,"3016 University Ave, North Park CA",https://www.yelp.com/biz/lucha-libre-san-diego,3.5,4.3,8.25,3.5,3.6,3.2,3.2,3.5,3.6,3.5,,3.8,3.9,3.6,Katie,
Lucha Libre North Park,California - Pork Adobada,California - Pork Adobada Burrito,California,Burrito,42612,North Park,3016 University Ave,"3016 University Ave, North Park CA",https://www.yelp.com/biz/lucha-libre-san-diego,3.5,4.3,8.25,3,3,3,4,3.5,3,2,3.5,3.5,4,3.9,Emily,thick chips
Lucha Libre North Park,California - Pork Adobada,California - Pork Adobada Burrito,California,Burrito,42612,North Park,3016 University Ave,"3016 University Ave, North Park CA",https://www.yelp.com/biz/lucha-libre-san-diego,3.5,4.3,8.25,4,3.5,2,4,3,5,5,4,4,5,3.5,Melissa G,Good guac
Lucha Libre North Park,California - Pork Adobada,California - Pork Adobada Burrito,California,Burrito,42612,North Park,3016 University Ave,"3016 University Ave, North Park CA",https://www.yelp.com/biz/lucha-libre-san-diego,3.5,4.3,8.25,4,4,3,3,3,3,2,3,3,4,3,Marc,"shrimp was questionable; salsa was mediocre to bad; overall ok, better than past burritos at lucha libre"
Lucha Libre North Park,California - Chicken,California - Chicken Burrito,California,Burrito,42612,North Park,3016 University Ave,"3016 University Ave, North Park CA",https://www.yelp.com/biz/lucha-libre-san-diego,3.5,4.3,8.25,1,3,2,4,3,5,5,4,3.5,5,3.5,Ashley G,good guac but fries could be better
Lucha Libre North Park,California - Chicken,California - Chicken Burrito,California,Burrito,42612,North Park,3016 University Ave,"3016 University Ave, North Park CA",https://www.yelp.com/biz/lucha-libre-san-diego,3.5,4.3,8.25,2,3.5,2,5,3.5,4,2.5,3.5,3,3.5,3.5,Richard,probably positively biased by service
Lucha Libre North Park,Holy Moly,Holy Moly Burrito,Specialty,Burrito,42612,North Park,3016 University Ave,"3016 University Ave, North Park CA",https://www.yelp.com/biz/lucha-libre-san-diego,3.5,4.3,8.25,3,5,4,4,4,3,3,4,4,4,4,Mike,
Lucha Libre North Park,Holy Moly,Holy Moly Burrito,Specialty,Burrito,42612,North Park,3016 University Ave,"3016 University Ave, North Park CA",https://www.yelp.com/biz/lucha-libre-san-diego,3.5,4.3,8.25,1,4,3,3.5,3,5,4,2,3,4,3,Sankha G,
Lucha Libre North Park,Holy Moly,Holy Moly Burrito,Specialty,Burrito,42612,North Park,3016 University Ave,"3016 University Ave, North Park CA",https://www.yelp.com/biz/lucha-libre-san-diego,3.5,4.3,7.5,3.8,3.8,4,4,4,4,4,4.5,4.5,4.5,4.4,Luis,
Lucha Libre North Park,Holy Moly,Holy Moly Burrito,Specialty,Burrito,42612,North Park,3016 University Ave,"3016 University Ave, North Park CA",https://www.yelp.com/biz/lucha-libre-san-diego,3.5,4.3,6.95,3,5,5,,5,,5,4.5,5,3,4.5,Aga,
Lucha Libre North Park,Holy Moly,Holy Moly Burrito,Specialty,Burrito,42612,North Park,3016 University Ave,"3016 University Ave, North Park CA",https://www.yelp.com/biz/lucha-libre-san-diego,3.5,4.3,5.25,3,4.5,4.5,,3.5,,3,4,3.5,5,3.25,Rob G,
Lupe's Taco Shop,Hot cheetos,Hot cheetos Burrito,Specialty,Burrito,42747,Linda Vista,7621 Linda Vista Rd,"7621 Linda Vista Rd, Linda Vista CA",https://www.yelp.com/biz/lupes-taco-shop-san-diego,3.5,4.5,3.75,5,4,3,,1,,3,3,2,3,2,Meghan,Bland
Lupe's Taco Shop,Surfin California,Surfin California Burrito,California,Burrito,42747,Linda Vista,7621 Linda Vista Rd,"7621 Linda Vista Rd, Linda Vista CA",https://www.yelp.com/biz/lupes-taco-shop-san-diego,3.5,4.5,7.5,2.5,3,3,5,3.5,3,3.5,4.5,4,4.5,3.9,Scott,"first bite sour cream, but probably the best steak I've had in a burrito"
Lupe's Taco Shop,California,California Burrito,California,Burrito,42747,Linda Vista,7621 Linda Vista Rd,"7621 Linda Vista Rd, Linda Vista CA",https://www.yelp.com/biz/lupes-taco-shop-san-diego,3.5,4.5,7.5,5,3.5,3,2,3,3,2,4,2.5,5,3.5,Devleena,fries = 4
Lupe's Taco Shop,Spicy a la Diabla,Spicy a la Diabla Burrito,Specialty,Burrito,42747,Linda Vista,7621 Linda Vista Rd,"7621 Linda Vista Rd, Linda Vista CA",https://www.yelp.com/biz/lupes-taco-shop-san-diego,3.5,4.5,7.5,4,2,3,3,3,4,3,4,3,5,3,Erik,
Lupe's Taco Shop,TGunz,TGunz Burrito,Specialty,Burrito,42850,Linda Vista,7621 Linda Vista Rd,"7621 Linda Vista Rd, Linda Vista CA",https://www.yelp.com/biz/lupes-taco-shop-san-diego,3.5,4.5,7.5,4.5,3.5,4,4.5,4,3.5,3.5,4,4,4.5,4.25,Ricardo,
Lupe's Taco Shop,TGunz,TGunz Burrito,Specialty,Burrito,42850,Linda Vista,7621 Linda Vista Rd,"7621 Linda Vista Rd, Linda Vista CA",https://www.yelp.com/biz/lupes-taco-shop-san-diego,3.5,4.5,7.5,2,4,5,5,4,4.5,4.5,5,4.5,4,4.5,Erin,
Matador Mexican Food,Carnitas,Carnitas Burrito,Carnitas / Pork,Burrito,42645,Morena,5201 Linda Vista Rd,"5201 Linda Vista Rd, Morena CA",https://www.yelp.com/biz/matador-mexican-grill-san-diego-2,4.5,4,7.5,4,3.5,2.5,3,4.5,3,2,5,4.5,3.5,2.5,Kelsey,
Matador Mexican Food,Carne Asada,Carne Asada Burrito,Carne Asada / Beef,Burrito,42645,Morena,5201 Linda Vista Rd,"5201 Linda Vista Rd, Morena CA",https://www.yelp.com/biz/matador-mexican-grill-san-diego-2,4.5,4,7.5,3,3.5,5,3.5,4,3,3,4,2.5,5,3,Javier,"large, bt feels good in my hands"
Mi Asador Mexican & Seafood ,California ,California Burrito,California,Burrito,42487,Oceanside,4750 Oceanside Blvd,"4750 Oceanside Blvd, Oceanside CA",https://sites.google.com/site/miasador/,4.5,4.4,7.5,5,3.5,2,3.5,3.5,3,4,2,2,4,3.5,Sam A,
Mi Asador Mexican & Seafood ,El Hawaiiano ,El Hawaiiano  Burrito,Specialty,Burrito,42487,Oceanside,4750 Oceanside Blvd,"4750 Oceanside Blvd, Oceanside CA",https://sites.google.com/site/miasador/,4.5,4.4,7.5,3,2.5,2.5,3,2,2,1,5,1,5,1.5,Sage,all meat at bottom 1/8th
Mikes Taco Club,California,California Burrito,California,Burrito,42452,Ocean Beach,5060 Newport Ave,"5060 Newport Ave, Ocean Beach CA",http://www.mikestacoclub.com/menu/,4.5,4.9,7.5,4,5,3,5,5,3,2,2,3,5,4,Aaron S,
Mikes Taco Club,California,California Burrito,California,Burrito,42452,Ocean Beach,5060 Newport Ave,"5060 Newport Ave, Ocean Beach CA",http://www.mikestacoclub.com/menu/,4.5,4.9,7.5,5,5,4,2,1,4,3,5,4,2,2,Jaeyoung,Ordered a specialty burrito and guess I was expecting an ordinary one! Sauce was good but overpowering; no veggies at all; overall just did not feel like a burrito.
Mister Falafel,Chicken Shawarma,Chicken Shawarma Burrito,Chicken,Burrito,42719,Clairemont,4461 Clairemont Mesa Blvd,"4461 Clairemont Mesa Blvd, Clairemont CA",https://www.yelp.com/biz/mister-falafel-san-diego,4.5,4.6,7.5,4.5,4,4,3.5,4.5,4,4,5,4.5,4,4,Matteo,
Mr. Ruribertos Taco Shop ,California,California Burrito,California,Burrito,42714,Mission Beach,3202 Mission Blvd,"3202 Mission Blvd, Mission Beach CA",https://www.yelp.com/biz/ruribertos-taco-shop-san-diego,3.5,3.7,4.99,3.5,2.5,2.5,4,2.5,1,1,2,4,0,2.5,Scott,Everything is in spanish. Get a taco or sope
Mr. Ruribertos Taco Shop ,Carne Asada,Carne Asada Burrito,Carne Asada / Beef,Burrito,42714,Mission Beach,3202 Mission Blvd,"3202 Mission Blvd, Mission Beach CA",https://www.yelp.com/biz/ruribertos-taco-shop-san-diego,3.5,3.7,4.99,2.5,2,2.5,3.5,2,3,2.5,2,2.5,2.5,2.4,Emily,"Burritos cut in half, felt like a wrap instead of a burrito"
MXN on Washington,Bean and rice grande size,Bean and rice grande size Burrito,Vegetarian,Burrito,42510,Hillcrest,,", Hillcrest CA",,,,6.45,3,4,5,3.5,3,3.5,3.5,4,2.5,4,3.5,Scott,Free salad
Netos Mexican Food,California ,California Burrito,California,Burrito,42516,San Marcos,325 S Rancho Santa Fe Rd,"325 S Rancho Santa Fe Rd, San Marcos CA",https://www.yelp.com/biz/netos-mexican-food-san-marcos,4.5,4.1,6.99,4,3,4.5,4,4,3.5,3,4,4,5,4,Emily,
Netos Mexican Food,Carne adobada ,Carne adobada  Burrito,Carnitas / Pork,Burrito,42516,San Marcos,325 S Rancho Santa Fe Rd,"325 S Rancho Santa Fe Rd, San Marcos CA",https://www.yelp.com/biz/netos-mexican-food-san-marcos,4.5,4.1,5.79,4,3,4.5,4,4,4,5,2.5,3,5,3.6,Scott,Fries are really good but the overall flavor is plain because lack of ingredients
Nico's Taco Shop,California,California Burrito,California,Burrito,42399,Carmel Valley,3860 Valley Centre Dr #404,"3860 Valley Centre Dr #404, Carmel Valley CA",http://www.yelp.com/biz/nicos-taco-shop-san-diego,3,2.9,5.79,4,4,3,4,2.5,3.5,4,2,2.5,5,3,Benni,
Nico's Taco Shop,Carnitas,Carnitas Burrito,Carnitas / Pork,Burrito,42399,Carmel Valley,3860 Valley Centre Dr #404,"3860 Valley Centre Dr #404, Carmel Valley CA",http://www.yelp.com/biz/nicos-taco-shop-san-diego,3,2.9,7.29,3.7,3.8,4.7,4,3.5,4.5,4,4,4.5,5,4,Luis,
Ortiz's Taco Shop #2,California,California Burrito,California,Burrito,42676,Pacific Beach,1313 Garnet Ave,"1313 Garnet Ave, Pacific Beach CA",https://www.yelp.com/biz/ortizs-taco-shop-san-diego-2,4,4.2,5.69,3,4,3,1.5,3,4,4.5,3.5,2,4.5,3,Ricardo,
Ortiz's Taco Shop #2,California chicken,California chicken Burrito,California,Burrito,42676,Pacific Beach,1313 Garnet Ave,"1313 Garnet Ave, Pacific Beach CA",https://www.yelp.com/biz/ortizs-taco-shop-san-diego-2,4,4.2,7.15,4,2.5,2.5,3,2.8,2.5,3.5,,3,3.5,2.75,Emily,
Ortiz's Taco Shop #2,California,California Burrito,California,Burrito,42676,Pacific Beach,1313 Garnet Ave,"1313 Garnet Ave, Pacific Beach CA",https://www.yelp.com/biz/ortizs-taco-shop-san-diego-2,4,4.2,6.99,4,4.5,4,4.5,4.5,4.5,4.5,4.5,5,4,4.5,Mike,
Ortiz's Taco Shop #2,California,California Burrito,California,Burrito,42676,Pacific Beach,1313 Garnet Ave,"1313 Garnet Ave, Pacific Beach CA",https://www.yelp.com/biz/ortizs-taco-shop-san-diego-2,4,4.2,7.49,4.1,4,4.5,4.5,4.5,4.7,4.5,4.2,4.5,5,4.7,Luis,
Oscar's Mexican food,California ,California Burrito,California,Burrito,42393,San Marcos,225 S Rancho Santa Fe Rd,"225 S Rancho Santa Fe Rd, San Marcos CA",http://www.yelp.com/biz/oscars-mexican-food-san-marcos,3.5,3.3,7.9,3.5,4,5,4,4,3,4,3.5,4,4,4.2,Scott,Tortilla is burnt a bit but good. Pick is good
Oscar's Mexican food,Carnitas,Carnitas Burrito,Carnitas / Pork,Burrito,42393,San Marcos,225 S Rancho Santa Fe Rd,"225 S Rancho Santa Fe Rd, San Marcos CA",http://www.yelp.com/biz/oscars-mexican-food-san-marcos,3.5,3.3,7.9,3.5,4,3.5,4.5,4.5,3.5,3.5,3.5,4,3,4.3,Emily,Melted cheese is good. Cilantro is fresh
Oscar's Mexican food,Carne Asada,Carne Asada Burrito,Carne Asada / Beef,Burrito,42393,San Marcos,225 S Rancho Santa Fe Rd,"225 S Rancho Santa Fe Rd, San Marcos CA",http://www.yelp.com/biz/oscars-mexican-food-san-marcos,3.5,3.3,6.95,3.5,3.5,3.5,3,4,3,3,4.5,3.5,2,3.6,Scott,Alfajores dessert and horchata are super good
Papa Chito's Mexican Food,California,California Burrito,California,Burrito,42591,University City,3951 Governor Dr,"3951 Governor Dr, University City CA",https://www.yelp.com/biz/papa-chitos-mexican-food-san-diego,2.5,3.3,5.95,4,3.5,5,4.5,3.5,4,4.5,4.5,4,5,4,Richard,First burrito I enjoyed from top to bottom
Papa Chito's Mexican Food,California,California Burrito,California,Burrito,42591,University City,3951 Governor Dr,"3951 Governor Dr, University City CA",https://www.yelp.com/biz/papa-chitos-mexican-food-san-diego,2.5,3.3,5.49,4,3,5,3,3,2.5,4,3.5,3,5,3.1,Scott,Good because so cheap
Pedro's Tacos,California Burrito,California Burrito Burrito,California,Burrito,42512,Oceanside,,", Oceanside CA",,,,3.99,4.5,3.5,4,3,2.5,2.8,4,2.5,2.5,5,2.6,Emily,tamale isn't good
Pokirrito,Pokirrito classic ,Pokirrito classic  Burrito,Carnitas / Pork,Burrito,42519,Kearny Mesa,4646 Convoy St,"4646 Convoy St, Kearny Mesa CA",https://www.yelp.com/biz/pokirrito-san-diego-2,4,4.3,6.35,4,4,2.5,4,3,4.5,2,2,3,4,3,Erin,"Good tortilla, good amount of food, needed guac. or salsa to balance out density of fillings."
Pokirrito,Mauna Lani,Mauna Lani Burrito,Specialty,Burrito,42519,Kearny Mesa,4646 Convoy St,"4646 Convoy St, Kearny Mesa CA",https://www.yelp.com/biz/pokirrito-san-diego-2,4,4.3,5.99,2.5,3.2,3.8,4.5,2.8,4,2,1.8,3.5,5,4,Scott,Carnitas very good
Pollos Maria,California,California Burrito,California,Burrito,42396,Carlsbad,3055 Harding St,"3055 Harding St, Carlsbad CA",http://pollosmaria.com/,4,3.8,7.65,4.5,3.5,4.5,2.5,2.5,1,1.5,3,2.5,3,2.7,Scott,"The big size was too big of an appeal, but there's just not enough meat"
Pollos Maria,Combo Chicken,Combo Chicken Burrito,Chicken,Burrito,42397,Carlsbad,3055 Harding St,"3055 Harding St, Carlsbad CA",http://pollosmaria.com/,4,3.8,6.6,3.5,4,4.5,4,4,4.5,5,4.5,4.5,4.5,4.25,Ricardo,
Pollos Maria,Combo Chicken,Combo Chicken Burrito,Chicken,Burrito,42700,Carlsbad,3055 Harding St,"3055 Harding St, Carlsbad CA",http://pollosmaria.com/,4,3.8,6.3,4,4,3.6,4,4,4,4,,4,4,4.2,Luis,
Pollos Maria,Carne Asada,Carne Asada Burrito,Carne Asada / Beef,Burrito,42700,Carlsbad,3055 Harding St,"3055 Harding St, Carlsbad CA",http://pollosmaria.com/,4,3.8,6.6,3,4,4,5,5,4.5,3,2,4,4,4,Elynn,
Porkyland ,Deborah's special,Deborah's special Burrito,Specialty,Burrito,42462,Carmel Valley,4645 Carmel Mountain Rd,"4645 Carmel Mountain Rd, Carmel Valley CA",http://goporkyland.com/,4,4.4,5.99,4,3.5,3.5,2,3,4.5,4.5,3,3,5,3.2,Scott,get the carnitas
Porkyland ,Chicken nopalito,Chicken nopalito Burrito,Chicken,Burrito,42462,Carmel Valley,4645 Carmel Mountain Rd,"4645 Carmel Mountain Rd, Carmel Valley CA",http://goporkyland.com/,4,4.4,7.9,4,4,4,4,4,4.5,4,4,4,2.5,4.2,Scott,Best horchata. Fries are great. Chips are really good
Porkyland ,Chicken nopalito,Chicken nopalito Burrito,Chicken,Burrito,42462,Carmel Valley,4645 Carmel Mountain Rd,"4645 Carmel Mountain Rd, Carmel Valley CA",http://goporkyland.com/,4,4.4,7.9,3,4,4,3.5,4.5,4,3.5,2.5,4,1.5,4,Emily,"Chips really good, really good but a little bit spicy chipotle. Very good horchata"
Porkyland ,California,California Burrito,California,Burrito,42462,Carmel Valley,4645 Carmel Mountain Rd,"4645 Carmel Mountain Rd, Carmel Valley CA",http://goporkyland.com/,4,4.4,6.6,3.2,1.4,3.7,3,3.2,4.8,2.4,3,2.9,3,3,Scott,
"Qdoba Mexican Grill, Seatac Airport",Custom,Custom Burrito,Specialty,Burrito,42448,Seattle,Airport,"Airport, Seattle CA",,,,6.6,4,4,3.5,3.5,3.5,4,3,3.5,3.5,4.5,3,Brent,Salsa too spicy
Raul's Mexican food,Chile verde pork,Chile verde pork Burrito,Carnitas / Pork,Burrito,42440,Encinitas,490 S Coast Hwy 101,"490 S Coast Hwy 101, Encinitas CA",https://www.yelp.com/biz/rauls-shack-encinitas,4,4.2,6.1,4,3.5,3.5,2,3.5,4.5,3.5,3,3.5,4,3.3,Scott ,
Raul's Mexican food,Carne Asada,Carne Asada Burrito,Carne Asada / Beef,Burrito,42440,Encinitas,490 S Coast Hwy 101,"490 S Coast Hwy 101, Encinitas CA",https://www.yelp.com/biz/rauls-shack-encinitas,4,4.2,6.25,4,3.5,4,2.5,3,1.5,2.5,2.5,2.8,5,3.2,Scott ,
Rigoberto's Taco Shop,Carne Asada,Carne Asada Burrito,Carne Asada / Beef,Burrito,42437,Miramar,7094 Miramar Rd,"7094 Miramar Rd, Miramar CA",https://www.yelp.com/biz/rigobertos-taco-shop-san-diego-2,4,4.4,6.5,4,3,2.5,2.5,3,4,3.5,2.5,3,5,3.3,Scott,The burrito looked beautiful when it came out. Chicken didn't add anything. would probably get the regular
Rigoberto's Taco Shop,Campeon,Campeon Burrito,Carne Asada / Beef,Burrito,42437,Miramar,7094 Miramar Rd,"7094 Miramar Rd, Miramar CA",https://www.yelp.com/biz/rigobertos-taco-shop-san-diego-2,4,4.4,5.5,4,3.5,5,3,3,3.5,3.5,2,4,5,3.5,Devleena,
Rigoberto's Taco Shop,California ,California Burrito,California,Burrito,42463,Miramar,7094 Miramar Rd,"7094 Miramar Rd, Miramar CA",https://www.yelp.com/biz/rigobertos-taco-shop-san-diego-2,4,4.4,5.5,2,3,5,3,4,2,2,2,4.5,4,3.5,Sankha G,
Rigoberto's Taco Shop,Adobada,Adobada Burrito,Carnitas / Pork,Burrito,42463,Miramar,7094 Miramar Rd,"7094 Miramar Rd, Miramar CA",https://www.yelp.com/biz/rigobertos-taco-shop-san-diego-2,4,4.4,4.95,3,3.5,5,4,4,3.78,5,,4.7,5,4.2,Sage,chicken and rice burrito. simple and delicious. 
Rigoberto's Taco Shop,California,California Burrito,California,Burrito,42467,Miramar,7094 Miramar Rd,"7094 Miramar Rd, Miramar CA",https://www.yelp.com/biz/rigobertos-taco-shop-san-diego-2,4,4.4,6.99,3.5,3,3,3,3,3.7,3.5,3.8,3,5,3.5,Scott,Pretty decent
Rigoberto's Taco Shop,Surf and Turf,Surf and Turf Burrito,Seafood,Burrito,42467,Miramar,7094 Miramar Rd,"7094 Miramar Rd, Miramar CA",https://www.yelp.com/biz/rigobertos-taco-shop-san-diego-2,4,4.4,,3.5,4,5,4.5,4.2,4.7,4.4,4,4.9,5,4.6,Sage,one if the best breakfast burritos I've ever had
Rigoberto's Taco Shop,El Rusio,El Rusio Burrito,Specialty,Burrito,42503,Miramar,7094 Miramar Rd,"7094 Miramar Rd, Miramar CA",https://www.yelp.com/biz/rigobertos-taco-shop-san-diego-2,4,4.4,6.5,3,3,4.5,3.5,1.5,1.5,2,3.2,2,4.5,2.2,Scott,Peppers not cooked enough
Rigoberto's Taco Shop,Carne Asada,Carne Asada Burrito,Carne Asada / Beef,Burrito,42503,Miramar,7094 Miramar Rd,"7094 Miramar Rd, Miramar CA",https://www.yelp.com/biz/rigobertos-taco-shop-san-diego-2,4,4.4,5.5,3,3,4,4.5,3,2,4,4.5,3.5,4.5,3.5,Ricardo,Very plain burrito
Rigoberto's Taco Shop,Carne Asada,Carne Asada Burrito,Carne Asada / Beef,Burrito,42503,Miramar,7094 Miramar Rd,"7094 Miramar Rd, Miramar CA",https://www.yelp.com/biz/rigobertos-taco-shop-san-diego-2,4,4.4,4.99,4,4.5,5,3,3,3,2.5,0,2.5,5,3,Sage,pretty standard breakfast burrito. eggs and cheese. great tortilla! morning protein!
Rigoberto's Taco Shop,Carnitas,Carnitas Burrito,Carnitas / Pork,Burrito,42503,Miramar,7094 Miramar Rd,"7094 Miramar Rd, Miramar CA",https://www.yelp.com/biz/rigobertos-taco-shop-san-diego-2,4,4.4,6.95,4,4,2,4,3,4,5,3,3,4,4,Elynn,
Rigoberto's Taco Shop,Bacon breakfast,Bacon breakfast Burrito,Breakfast,Burrito,42503,Miramar,7094 Miramar Rd,"7094 Miramar Rd, Miramar CA",https://www.yelp.com/biz/rigobertos-taco-shop-san-diego-2,4,4.4,7,4,3,3,3.5,4,4,3,3,4,3.5,5,Hannah,
Rigoberto's Taco Shop,Chile Relleno,Chile Relleno Burrito,Vegetarian,Burrito,42503,Miramar,7094 Miramar Rd,"7094 Miramar Rd, Miramar CA",https://www.yelp.com/biz/rigobertos-taco-shop-san-diego-2,4,4.4,5.95,3,4,3,4,3,4,2,3.5,3,5,3.9,Scott,
Rigoberto's Taco Shop,Fish,Fish Burrito,Seafood,Burrito,42503,Miramar,7094 Miramar Rd,"7094 Miramar Rd, Miramar CA",https://www.yelp.com/biz/rigobertos-taco-shop-san-diego-2,4,4.4,6.99,3.5,2,5,4.2,3,4.7,5,3.7,4.2,5,4,Sage,
Rigoberto's Taco Shop,Al pastor,Al Pastor Burrito,Carnitas / Pork,Burrito,42114,Miramar,7094 Miramar Rd,"7094 Miramar Rd, Miramar CA",https://www.yelp.com/biz/rigobertos-taco-shop-san-diego-2,4,4.4,,4.5,3,4,4,4,4,4,4,4,3,4,Marc,
Rigoberto's Taco Shop,Campeon,Campeon Burrito,Carne Asada / Beef,Burrito,42640,Miramar,7094 Miramar Rd,"7094 Miramar Rd, Miramar CA",https://www.yelp.com/biz/rigobertos-taco-shop-san-diego-2,4,4.4,,2,2,4,3,4,4,4,3,4,4,3,Jeremy,
Rigoberto's Taco Shop,California,California Burrito,California,Burrito,42640,Miramar,7094 Miramar Rd,"7094 Miramar Rd, Miramar CA",https://www.yelp.com/biz/rigobertos-taco-shop-san-diego-2,4,4.4,,3,5,5,,3,2,2,,1,5,2,Shijia,
Rigoberto's Taco Shop,Bacon breakfast,Bacon breakfast Burrito,Breakfast,Burrito,42640,Miramar,7094 Miramar Rd,"7094 Miramar Rd, Miramar CA",https://www.yelp.com/biz/rigobertos-taco-shop-san-diego-2,4,4.4,7.49,4,2,3.5,4.2,4.3,4,2.2,4.5,4,2.2,4.2,Scott,Much better than the first time we tried this location 
Rigoberto's Taco Shop,Carnitas,Carnitas Burrito,Carnitas / Pork,Burrito,42640,Miramar,7094 Miramar Rd,"7094 Miramar Rd, Miramar CA",https://www.yelp.com/biz/rigobertos-taco-shop-san-diego-2,4,4.4,7.49,2,3.8,3.8,4,4.2,3.75,4,4.75,4.4,3.8,4.2,Emily,Possibly favorite green salsa so far
Rigoberto's Taco Shop,California,California Burrito,California,Burrito,42739,Miramar,7094 Miramar Rd,"7094 Miramar Rd, Miramar CA",https://www.yelp.com/biz/rigobertos-taco-shop-san-diego-2,4,4.4,5.99,4,3,4.5,3.7,2.8,5,4.5,3,2.3,4.5,3,Scott,
Rigoberto's Taco Shop,Chile Relleno,Chile Relleno Burrito,Vegetarian,Burrito,42739,Miramar,7094 Miramar Rd,"7094 Miramar Rd, Miramar CA",https://www.yelp.com/biz/rigobertos-taco-shop-san-diego-2,4,4.4,5.99,2,2,4,4.5,4,4,3,4,4,2,4,Elynn,
Rigoberto's Taco Shop,California,California Burrito,California,Burrito,42872,Miramar,7094 Miramar Rd,"7094 Miramar Rd, Miramar CA",https://www.yelp.com/biz/rigobertos-taco-shop-san-diego-2,4,4.4,6.39,4,4,4,4,4,4.5,4.5,4.2,4.5,4.5,4.25,Scott,
Rigoberto's Taco Shop,California,California Burrito,California,Burrito,42872,Miramar,7094 Miramar Rd,"7094 Miramar Rd, Miramar CA",https://www.yelp.com/biz/rigobertos-taco-shop-san-diego-2,4,4.4,6.39,4.25,2,4,3.7,2,4,4.5,4.5,2.7,5,2.66,Sage,
Rigoberto's Taco Shop,California ,California Burrito,California,Burrito,42983,Miramar,7094 Miramar Rd,"7094 Miramar Rd, Miramar CA",https://www.yelp.com/biz/rigobertos-taco-shop-san-diego-2,4,4.4,6.39,4.5,3,4.4,4,4,4.5,4.2,4.3,4,5,4.2,Shijia,
Rigoberto's Taco Shop,California ,California Burrito,California,Burrito,42983,Miramar,7094 Miramar Rd,"7094 Miramar Rd, Miramar CA",https://www.yelp.com/biz/rigobertos-taco-shop-san-diego-2,4,4.4,6.39,4.75,2,,3.5,3,5,4,2,3.5,3.5,3.5,Jeremy,
Rigoberto's Taco Shop La Jolla,California,California Burrito,California,Burrito,42417,La Jolla,7345 La Jolla Blvd,"7345 La Jolla Blvd, La Jolla CA",https://www.yelp.com/biz/rigobertos-la-jolla-2,2.5,4,7.35,2.3,4,4,3.5,2,1.5,2,2,3,1.2,3.1,Scott,
Rigoberto's Taco Shop La Jolla,California,California Burrito,California,Burrito,42417,La Jolla,7345 La Jolla Blvd,"7345 La Jolla Blvd, La Jolla CA",https://www.yelp.com/biz/rigobertos-la-jolla-2,2.5,4,6.7,3.75,3.5,4,4,3,3.75,4,3,3.5,4.5,3.75,Emily,
Rigoberto's Taco Shop La Jolla,California,California Burrito,California,Burrito,42781,La Jolla,7345 La Jolla Blvd,"7345 La Jolla Blvd, La Jolla CA",https://www.yelp.com/biz/rigobertos-la-jolla-2,2.5,4,6.25,4,2.5,4,3.75,4,3.75,5,4,4,5,3.9,Scott,
Rigoberto's Taco Shop La Jolla,California,California Burrito,California,Burrito,42781,La Jolla,7345 La Jolla Blvd,"7345 La Jolla Blvd, La Jolla CA",https://www.yelp.com/biz/rigobertos-la-jolla-2,2.5,4,6.25,4,3,,4,4,4,4,2,3,5,4,Ant,
Roberto's Taco Shop Clairemont,California,California Burrito,California,Burrito,42624,Clairemont,3095 Clairemont Dr,"3095 Clairemont Dr, Clairemont CA",https://www.yelp.com/biz/robertos-taco-shop-clairemont-san-diego,4,4,6.25,3,4,4,2,2,4,3,3,3,5,3,Erik,
Roberto's Taco Shop Clairemont,California,California Burrito,California,Burrito,42624,Clairemont,3095 Clairemont Dr,"3095 Clairemont Dr, Clairemont CA",https://www.yelp.com/biz/robertos-taco-shop-clairemont-san-diego,4,4,6.25,4,4,4,,3.5,3.5,4,4,4,4,4,Tom,
Roberto's Taco Shop Clairemont,California + Guac + sour cream,California + Guac + sour cream Burrito,California,Burrito,42624,Clairemont,3095 Clairemont Dr,"3095 Clairemont Dr, Clairemont CA",https://www.yelp.com/biz/robertos-taco-shop-clairemont-san-diego,4,4,10.5,3,2,2.5,3.3,3.5,1.5,4,2.5,2.5,3,3.1,Scott,Big roach on the floor while eating. Good prep took quite a long time. Cut in half!
Roberto's Taco Shop Clairemont,Carne Asada,Carne Asada Burrito,Carne Asada / Beef,Burrito,42624,Clairemont,3095 Clairemont Dr,"3095 Clairemont Dr, Clairemont CA",https://www.yelp.com/biz/robertos-taco-shop-clairemont-san-diego,4,4,6.75,3,4.5,4.7,4.5,3.5,4,4.5,4.5,3.5,5,4.2,Scott,
Roberto's Taco Shop Hillcrest,Asada,Asada Burrito,Carne Asada / Beef,Burrito,42885,Hillcrest,420 Robinson Ave,"420 Robinson Ave, Hillcrest CA",https://www.yelp.com/biz/robertos-taco-shop-hillcrest-san-diego,4,4.2,7.9,4,5,5,4,5,5,3,4,5,3,5,Justin K,
Roberto's Taco Shop Hillcrest,California Surf and Turf,California Surf and Turf Burrito,California,Burrito,42885,Hillcrest,420 Robinson Ave,"420 Robinson Ave, Hillcrest CA",https://www.yelp.com/biz/robertos-taco-shop-hillcrest-san-diego,4,4.2,7.9,4,3,5,5,4,5,4,3,5,2,4.5,Shreejoy,
Roberto's Taco Shop Hillcrest,California,California Burrito,California,Burrito,42885,Hillcrest,420 Robinson Ave,"420 Robinson Ave, Hillcrest CA",https://www.yelp.com/biz/robertos-taco-shop-hillcrest-san-diego,4,4.2,7.9,4,4,4,3,4,4,4,3,3,4,4,@synapticlee,
Roberto's Taco Shop Hillcrest,Golden State,Golden State Burrito,Specialty,Burrito,42961,Hillcrest,420 Robinson Ave,"420 Robinson Ave, Hillcrest CA",https://www.yelp.com/biz/robertos-taco-shop-hillcrest-san-diego,4,4.2,7.9,3.5,4,3.5,4.7,4,4.5,4.5,4.5,4,3.5,4.7,@danjlurie,
Roberto's Taco Shop Hillcrest,California,California Burrito,California,Burrito,42961,Hillcrest,420 Robinson Ave,"420 Robinson Ave, Hillcrest CA",https://www.yelp.com/biz/robertos-taco-shop-hillcrest-san-diego,4,4.2,6.99,4.3,4.8,5,4,4.4,5,4,4.3,4.3,5,4.5,Scott,Sour cream is surprisingly good. Avocado salsa works very well on the burrito
Roberto's Very Mexican Food,Chicken asada,Chicken asada Burrito,Chicken,Burrito,42514,Del Mar,2206 Carmel Valley Road,"2206 Carmel Valley Road, Del Mar CA",https://www.yelp.com/biz/robertos-very-mexican-food-del-mar-2,3.5,3.9,6.99,4,4.5,4.5,4,4.5,4,4,3.5,4.5,5,4.5,Emily,
Roberto's Very Mexican Food,Carnitas,Carnitas Burrito,Carnitas / Pork,Burrito,42514,Del Mar,2206 Carmel Valley Road,"2206 Carmel Valley Road, Del Mar CA",https://www.yelp.com/biz/robertos-very-mexican-food-del-mar-2,3.5,3.9,6.25,3,3.5,5,4,3,4,3,3.5,3.5,3,3.7,Scott,
Rubios UCSD,Tilapia one,Tilapia one Burrito,Seafood,Burrito,42612,UTC,9500 Gilman Dr,"9500 Gilman Dr, UTC CA",https://www.yelp.com/biz/rubios-la-jolla-4,3.5,3.4,7.25,4,4,4,5,4.5,4,3.5,5,4.5,5,4.4,Richard,
Rubios UCSD,Grilled fish salmon,Grilled fish salmon Burrito,Seafood,Burrito,42872,UTC,9500 Gilman Dr,"9500 Gilman Dr, UTC CA",https://www.yelp.com/biz/rubios-la-jolla-4,3.5,3.4,7,3.5,4,4,3.5,4,4,3.5,4.5,4,3.5,3.7,Tom,
Rudy's Taco Shop,Chicken,Chicken Burrito,Chicken,Burrito,42469,Solana Beach,524 Stevens Ave,"524 Stevens Ave, Solana Beach CA",http://www.rudystacoshop.com/,4,4.3,6.99,3.5,3.5,2.5,4,3.5,3,2.5,2.5,4.5,0.5,3.8,Scott,Started off really great but ended with poor uniformity and wrap integrity
Rudy's Taco Shop,Carnitas,Carnitas Burrito,Carnitas / Pork,Burrito,42469,Solana Beach,524 Stevens Ave,"524 Stevens Ave, Solana Beach CA",http://www.rudystacoshop.com/,4,4.3,6.49,3,3.5,4,3,4,3.5,4,3,4,4.5,3.5,Emily,Just way too small
Saguaro's ,Vegetarian,Vegetarian Burrito,Vegetarian,Burrito,42541,San Diego,3753 30th St,"3753 30th St, San Diego CA",,,,5.99,3.5,2,3,3.8,2.5,2.5,3,2.5,3,2.6,3.2,Scott,
Senor Grubby's,California,California Burrito,California,Burrito,42484,Carlsbad,377 Carlsbad Village Dr,"377 Carlsbad Village Dr, Carlsbad CA",eatgrubbys.com,4,4.1,5.65,3,4,1.5,2,3,4.2,4,3,2,4.5,2.7,Scott,Horchata tasted like bubble gum
Senor Grubby's,Pastor,Al Pastor Burrito,Carnitas / Pork,Burrito,42484,Carlsbad,377 Carlsbad Village Dr,"377 Carlsbad Village Dr, Carlsbad CA",eatgrubbys.com,4,4.1,5.49,3,4.5,5,2,2,2.5,3.5,3,2.5,3,2,Richard,Meat is squishy
Senor Panchos,Pollo asado,Pollo asado Burrito,Chicken,Burrito,42603,San Marcos,1909 W San Marcos Blvd,"1909 W San Marcos Blvd, San Marcos CA",https://www.yelp.com/biz/senor-panchos-mexican-restaurant-san-marcos,4,4.2,7.75,4,3.5,2.5,3,3.3,1.4,2.3,2.2,3.3,4.5,2.9,Scott,
Senor Panchos,California,California Burrito,California,Burrito,42603,San Marcos,1909 W San Marcos Blvd,"1909 W San Marcos Blvd, San Marcos CA",https://www.yelp.com/biz/senor-panchos-mexican-restaurant-san-marcos,4,4.2,7.75,4,4,4.5,2,2,3.5,3.5,2,2,4,3,Brent,"Carrots are bad, got better as it went on"
Sotos Mexican Food,California,California Burrito,California,Burrito,42494,Miramar ,6904 Miramar Rd,"6904 Miramar Rd, Miramar  CA",https://www.yelp.com/biz/sotos-mexican-food-san-diego,4.5,4.6,6.99,3.7,3.6,4,4,3,3.8,4.3,,3.8,2,3.5,Scott,Richard recommended this. Like a Mediterranean burrito
Sotos Mexican Food,Pastor,Al Pastor Burrito,Carnitas / Pork,Burrito,42494,Miramar ,6904 Miramar Rd,"6904 Miramar Rd, Miramar  CA",https://www.yelp.com/biz/sotos-mexican-food-san-diego,4.5,4.6,6.6,,4,4.5,4,3.5,3.5,5,1.5,3.5,4.5,3.7,Scott,Usually better. Too much enchilada sauce this time
Storehouse Kitchen ,Breakfast,Breakfast Burrito,Breakfast,Burrito,42660,La Jolla,2236 Avenida De La Playa,"2236 Avenida De La Playa, La Jolla CA",,,,6.6,,4,2,,4,,4.6,4.2,3.75,5,3.9,Sage,Orange salsa very spicy
Taco Stand,California,California Burrito,California,Burrito,42412,La Jolla,621 Pearl St,"621 Pearl St, La Jolla CA",http://letstaco.com/,4.5,4.4,8.5,3.9,3,4.5,4.1,3,3.7,4,4.3,4.2,5,3.9,Scott,Fresca and verde salsas are the best
Taco Stand,Surf and Turf ,Surf and Turf  Burrito,Seafood,Burrito,42412,La Jolla,621 Pearl St,"621 Pearl St, La Jolla CA",http://letstaco.com/,4.5,4.4,7.9,4,3.5,4,4,3,4,4.5,4,3.8,4.8,3.8,Emily,Pastor is dry
Taco Stand,California,California Burrito,California,Burrito,42428,Kearny Mesa,7305 Clairemont Mesa Blvd,"7305 Clairemont Mesa Blvd, Kearny Mesa CA",http://lolitasmexicanfood.com/,4,4.4,4.99,3.5,2.5,4.5,3,2.5,3,3,2,2,4,3,Scott,Somehow way better when it was leftover
Taco Stand,California,California Burrito,California,Burrito,42428,Kearny Mesa,7305 Clairemont Mesa Blvd,"7305 Clairemont Mesa Blvd, Kearny Mesa CA",http://lolitasmexicanfood.com/,4,4.4,7.29,3.5,3,2,3.5,3.5,3,2.5,3.7,3.2,4.2,3.7,Scott,"Cheese is cold, but guac, salsa, and chips are good"
Taco stand,Carne Asada,Carne Asada Burrito,Carne Asada / Beef,Burrito,42447,San Diego,3695 India St,"3695 India St, San Diego CA",http://elindiosandiego.com/,3.5,3.9,7.89,3,4,5,4.5,4,4.5,3.5,3,4.5,2.5,4.25,Richard,quality ingredients
Taco stand,Al pastor,Al Pastor Burrito,Carnitas / Pork,Burrito,42447,San Diego,3695 India St,"3695 India St, San Diego CA",http://elindiosandiego.com/,3.5,3.9,7.49,3.7,4,3.5,3.9,4,3.7,2,3.5,4,4,3.9,Tom,tons of french fries
Taco stand,Carne Asada,Carne Asada Burrito,Carne Asada / Beef,Burrito,42474,San Diego,3695 India St,"3695 India St, San Diego CA",http://elindiosandiego.com/,3.5,3.9,7.49,5,4,4,4,2,3,0,,1,2,2,Rob L,way too spicy
Taco stand,Carne Asada,Carne Asada Burrito,Carne Asada / Beef,Burrito,42474,San Diego,3695 India St,"3695 India St, San Diego CA",http://elindiosandiego.com/,3.5,3.9,7.9,3.5,4.5,5,4,3.5,4,2.8,4,4.5,3.7,4.2,Scott,
Taco stand,California,California Burrito,California,Burrito,46137,San Diego,3695 India St,"3695 India St, San Diego CA",http://elindiosandiego.com/,3.5,3.9,7.9,2,4.2,4,4.2,3.8,4,3,3.8,4.5,5,4.2,Emily,
Taco stand,California,California Burrito,California,Burrito,42496,San Diego,3695 India St,"3695 India St, San Diego CA",http://elindiosandiego.com/,3.5,3.9,5.99,4.5,2,4,2.5,3.5,4.5,3,2,1.5,3.4,3.1,Scott,
Taco stand,California,California Burrito,California,Burrito,42496,San Diego,3695 India St,"3695 India St, San Diego CA",http://elindiosandiego.com/,3.5,3.9,6.99,3.5,2.5,4.5,4,4,2,3,3,3,4,3,Ricardo ,
Taco stand,California,California Burrito,California,Burrito,42496,San Diego,3695 India St,"3695 India St, San Diego CA",http://elindiosandiego.com/,3.5,3.9,6.85,3.5,3,2,3.5,3.5,4,3,3.5,3.5,4.5,3.6,Scott,
Taco stand,California,California Burrito,California,Burrito,42496,San Diego,3695 India St,"3695 India St, San Diego CA",http://elindiosandiego.com/,3.5,3.9,6.85,4,5,5,4.5,4,5,4,4,5,5,4.3,Nihal,
Taco stand,California,California Burrito,California,Burrito,42496,San Diego,3695 India St,"3695 India St, San Diego CA",http://elindiosandiego.com/,3.5,3.9,,4.3,3,3,3.5,4,3,1.5,3.8,4,5,4,Scott,Salsa much better this time than before
Taco stand,Carne Asada,Carne Asada Burrito,Carne Asada / Beef,Burrito,42496,San Diego,3695 India St,"3695 India St, San Diego CA",http://elindiosandiego.com/,3.5,3.9,7.19,4.5,4,2,3,3.8,3.5,2,4,4,4,3.5,Scott,
Taco stand,Shrimp,Shrimp Burrito,Seafood,Burrito,42496,San Diego,3695 India St,"3695 India St, San Diego CA",http://elindiosandiego.com/,3.5,3.9,7.9,2.5,3,4.5,4.3,4,3,3.1,3.9,4.2,3,4.1,Scott,
Taco Stand,Al pastor,Al Pastor Burrito,Carnitas / Pork,Burrito,42527,San Diego,3695 India St,"3695 India St, San Diego CA",http://elindiosandiego.com/,3.5,3.9,7.9,3,3,3.5,4.5,4,4,4,4,4,3.5,4,Emily,
Taco Stand,Al pastor,Al Pastor Burrito,Carnitas / Pork,Burrito,42527,San Diego,3695 India St,"3695 India St, San Diego CA",http://elindiosandiego.com/,3.5,3.9,7.9,3,5,5,5,4,5,4,4,5,4,5,Audrey L,
Taco Stand,California ,California Burrito,California,Burrito,42599,San Diego,3695 India St,"3695 India St, San Diego CA",http://elindiosandiego.com/,3.5,3.9,7.9,3,3.5,4,4,4,4.5,3.5,4,3.5,4,4,Spencer,
Taco Stand,California ,California Burrito,California,Burrito,42599,San Diego,3695 India St,"3695 India St, San Diego CA",http://elindiosandiego.com/,3.5,3.9,7.35,3.5,3.5,3,3.5,3,4.5,4.5,4,4,5,3.75,Emily,
Taco Stand,Al Pastor,Al Pastor Burrito,Carnitas / Pork,Burrito,42629,San Diego,3695 India St,"3695 India St, San Diego CA",http://elindiosandiego.com/,3.5,3.9,6.35,3.5,4,3,3,3,2.5,3,3.5,2.8,5,3.1,Scott,
Taco Stand,California,California Burrito,California,Burrito,42629,San Diego,3695 India St,"3695 India St, San Diego CA",http://elindiosandiego.com/,3.5,3.9,7.5,4,3,,4,4,3,5,3,4,5,4.1,Erik,
Taco Stand,California ,California Burrito,California,Burrito,43098,San Diego,3695 India St,"3695 India St, San Diego CA",http://elindiosandiego.com/,3.5,3.9,6.5,4.5,4.5,3,3.5,4.5,3.5,4,3.5,4.3,4.3,4.1,Scott,
Taco Stand,California ,California Burrito,California,Burrito,43098,San Diego,3695 India St,"3695 India St, San Diego CA",http://elindiosandiego.com/,3.5,3.9,6.5,4,4,3.5,4.5,4,3.5,4.5,4,4,4.5,4,Ricardo,
Taco Stand Encinitas,California ,California Burrito,California,Burrito,42672,Encinitas ,642 S Coast Hwy 101,"642 S Coast Hwy 101, Encinitas  CA",https://www.yelp.com/biz/the-taco-stand-encinitas,4,4.4,4.75,4,4,4,4.5,4.3,4.5,4.5,4.8,4.8,5,4.5,Luis,
Taco Stand Encinitas,California ,California Burrito,California,Burrito,42672,Encinitas ,642 S Coast Hwy 101,"642 S Coast Hwy 101, Encinitas  CA",https://www.yelp.com/biz/the-taco-stand-encinitas,4,4.4,6.75,4,4,4,4,3.5,3.5,3,2,3.5,3.5,3.5,Hannah,
Taco Stand Encinitas,California,California Burrito,California,Burrito,42896,Encinitas ,642 S Coast Hwy 101,"642 S Coast Hwy 101, Encinitas  CA",https://www.yelp.com/biz/the-taco-stand-encinitas,4,4.4,6.5,4,3,3,4,4,4,4,3,4,4,4,Clark,
Taco Stand Encinitas ,California,California Burrito,California,Burrito,42896,Encinitas ,642 S Coast Hwy 101,"642 S Coast Hwy 101, Encinitas  CA",https://www.yelp.com/biz/the-taco-stand-encinitas,4,4.4,6.75,4,3,5,5,,,5,,4,5,4.5,Justin C,
Taco Surf PB,California,California Burrito,California,Burrito,42513,Pacific Beach,4657 Mission Blvd,"4657 Mission Blvd, Pacific Beach CA",https://www.yelp.com/biz/taco-surf-taco-shop-san-diego,4,4.6,7.1,4,4.5,5,3.8,3.8,4,4,3.9,4.3,5,4.3,Scott,red-orange salsa has a slight fruity flavor that's really good
Taco Surf PB,California,California Burrito,California,Burrito,42513,Pacific Beach,4657 Mission Blvd,"4657 Mission Blvd, Pacific Beach CA",https://www.yelp.com/biz/taco-surf-taco-shop-san-diego,4,4.6,8.25,3.5,3.5,4,4,3,3.5,4.5,3.5,3.5,5,3.6,Emily,Rice was plain. Also don't like rice in burrito
Taco Surf PB,Carne Asada,Carne Asada Burrito,Carne Asada / Beef,Burrito,42513,Pacific Beach,4657 Mission Blvd,"4657 Mission Blvd, Pacific Beach CA",https://www.yelp.com/biz/taco-surf-taco-shop-san-diego,4,4.6,5.99,4,2,4.5,4.5,3,3.8,4.4,2.5,3.5,3,4,Scott,
Taco Villa,Carnitas,Carnitas Burrito,Carnitas / Pork,Burrito,42639,UTC,9500 Gilman Dr,"9500 Gilman Dr, UTC CA",https://www.yelp.com/biz/taco-villa-san-diego,3.5,3.5,5.99,4,4,4,4,3,4,3.5,2.5,3.5,5,3.5,Richard,
Taco Villa,Al pastor,Al Pastor Burrito,Carnitas / Pork,Burrito,42642,UTC,9500 Gilman Dr,"9500 Gilman Dr, UTC CA",https://www.yelp.com/biz/taco-villa-san-diego,3.5,3.5,10,3,3,4,3.2,3.5,1.8,1.8,3.5,3.7,3.5,3.9,Scott,
Taco Villa,Chicken and rice,Chicken and rice Burrito,Chicken,Burrito,42655,UTC,9500 Gilman Dr,"9500 Gilman Dr, UTC CA",https://www.yelp.com/biz/taco-villa-san-diego,3.5,3.5,10,4.2,3,4.5,3.5,3.5,2.5,2,3,3.5,4.5,3.5,Ricardo,
Taco Villa,California ,California Burrito,California,Burrito,42660,UTC,9500 Gilman Dr,"9500 Gilman Dr, UTC CA",https://www.yelp.com/biz/taco-villa-san-diego,3.5,3.5,6.25,4.4,4.2,4.5,4,3,5,3.8,2.5,3,5,3.7,Scott,
Taco Villa,Breakfast,Breakfast Burrito,Breakfast,Burrito,42661,UTC,9500 Gilman Dr,"9500 Gilman Dr, UTC CA",https://www.yelp.com/biz/taco-villa-san-diego,3.5,3.5,6.25,3,4.5,4.5,3.7,3.5,4,3.5,3,4,4.5,4,Emily,
Taco Villa,Carnitas,Carnitas Burrito,Carnitas / Pork,Burrito,42670,UTC,9500 Gilman Dr,"9500 Gilman Dr, UTC CA",https://www.yelp.com/biz/taco-villa-san-diego,3.5,3.5,7.75,5,3.5,4.2,3.3,3.7,4,4,2.9,3,5,3.7,Scott ,
Taco Villa,Tejano,Tejano Burrito,Specialty,Burrito,42670,UTC,9500 Gilman Dr,"9500 Gilman Dr, UTC CA",https://www.yelp.com/biz/taco-villa-san-diego,3.5,3.5,7.75,2.5,4,4,2.6,3.6,4,4,3.6,4,4,2.9,Luis,
Taco Villa,Al pastor,Al Pastor Burrito,Carnitas / Pork,Burrito,42670,UTC,9500 Gilman Dr,"9500 Gilman Dr, UTC CA",https://www.yelp.com/biz/taco-villa-san-diego,3.5,3.5,8.25,3.8,4,,4,3,3,2.5,4,3,5,3.6,Scott,
Taco Villa,Shrimp with guac,Shrimp with guac Burrito,Seafood,Burrito,42670,UTC,9500 Gilman Dr,"9500 Gilman Dr, UTC CA",https://www.yelp.com/biz/taco-villa-san-diego,3.5,3.5,8.99,4,3.5,3,3.5,3.5,4,2,4,4,4,3.4,Tom,
Taco Villa,Bean and Cheese,Bean and Cheese Burrito,Vegetarian,Burrito,42670,UTC,9500 Gilman Dr,"9500 Gilman Dr, UTC CA",https://www.yelp.com/biz/taco-villa-san-diego,3.5,3.5,6.85,4,3.5,5,3.3,3,5,2,3,3.8,3.5,3.9,Scott,
Taco Villa,Chicken,Chicken Burrito,Chicken,Burrito,42745,UTC,9500 Gilman Dr,"9500 Gilman Dr, UTC CA",https://www.yelp.com/biz/taco-villa-san-diego,3.5,3.5,6.85,4,4,5,4,4,5,3.5,2,3.5,4,4,Elynn,
Taco Villa,Pollo asado,Pollo asado Burrito,Chicken,Burrito,42755,UTC,9500 Gilman Dr,"9500 Gilman Dr, UTC CA",https://www.yelp.com/biz/taco-villa-san-diego,3.5,3.5,7.4,3.3,5,4,4.2,3.5,2.9,3,4,4,4,4,Scott,
Taco Villa,Al pastor,Al Pastor Burrito,Carnitas / Pork,Burrito,42755,UTC,9500 Gilman Dr,"9500 Gilman Dr, UTC CA",https://www.yelp.com/biz/taco-villa-san-diego,3.5,3.5,7.4,3.5,4.5,4,4,3.5,3,3,2.5,4,3.8,3.8,Emily,
Taco Villa,California,California Burrito,California,Burrito,42787,UTC,9500 Gilman Dr,"9500 Gilman Dr, UTC CA",https://www.yelp.com/biz/taco-villa-san-diego,3.5,3.5,9.95,4.2,3.5,5,3,1.5,3,2.5,3,2.2,2.5,2.8,Scott,
Taco Villa,Carnitas,Carnitas Burrito,Carnitas / Pork,Burrito,42850,UTC,9500 Gilman Dr,"9500 Gilman Dr, UTC CA",https://www.yelp.com/biz/taco-villa-san-diego,3.5,3.5,7,3.5,4,4,2,2.5,4.5,4,3,2.9,4.5,2.8,Scott,
Taco Villa,Carnitas,Carnitas Burrito,Carnitas / Pork,Burrito,42850,UTC,9500 Gilman Dr,"9500 Gilman Dr, UTC CA",https://www.yelp.com/biz/taco-villa-san-diego,3.5,3.5,9,3,3.5,4,4,4,4.5,4.5,2,3.5,4,4,Richard,
Taco Villa,Carne Asada,Carne Asada Burrito,Carne Asada / Beef,Burrito,42928,UTC,9500 Gilman Dr,"9500 Gilman Dr, UTC CA",https://www.yelp.com/biz/taco-villa-san-diego,3.5,3.5,7,3.5,3,3,2,2,3,2,3,2,3,2.2,Tom,
Taco VIlla,California,California Burrito,California,Burrito,42935,UTC,9500 Gilman Dr,"9500 Gilman Dr, UTC CA",https://www.yelp.com/biz/taco-villa-san-diego,3.5,3.5,6.99,4,3,4,4,2.5,2.5,3,3,3,5,3,Emily,too many fries. Not great
Taco Villa,Carnitas,Carnitas Burrito,Carnitas / Pork,Burrito,42972,UTC,9500 Gilman Dr,"9500 Gilman Dr, UTC CA",https://www.yelp.com/biz/taco-villa-san-diego,3.5,3.5,7.19,3.5,3.5,4.5,3.5,3.5,3,3.5,4,3.5,5,3.8,Scott,
Taco Villa,Carne Asada,Carne Asada Burrito,Carne Asada / Beef,Burrito,42972,UTC,9500 Gilman Dr,"9500 Gilman Dr, UTC CA",https://www.yelp.com/biz/taco-villa-san-diego,3.5,3.5,7.89,4,3,,4.5,4,4.5,4.5,4.5,4.8,3.3,4.7,Scott,
Tacos La Bala,Pastor,Al Pastor Burrito,Carnitas / Pork,Burrito,42618,Houston,5800 Bellaire Blvd,"5800 Bellaire Blvd, Houston CA",tacoslabala.com,4.5,4.1,7.89,4,3,,4,4,4.5,4,4.5,4.5,5,4.5,Emily,
Tacos La Bala,Barbacoa ,Barbacoa  Burrito,Carne Asada / Beef,Burrito,42618,Houston,5800 Bellaire Blvd,"5800 Bellaire Blvd, Houston CA",tacoslabala.com,4.5,4.1,6.9,4.3,3,3,3.5,3.5,3.5,3.5,3.8,4,5,3.7,Scott,
Tacos por favor,Carne Asada,Carne Asada Burrito,Carne Asada / Beef,Burrito,42532,Santa Monica,1408 Olympic Blvd,"1408 Olympic Blvd, Santa Monica CA",https://www.yelp.com/biz/el-dorado-mexican-food-temecula,4,4.1,8.55,3,3,2.5,3,3,3.5,2.8,3.5,2.8,1.5,3,Scott,
Tacos por favor,Al pastor,Al Pastor Burrito,Carnitas / Pork,Burrito,42532,Santa Monica,1408 Olympic Blvd,"1408 Olympic Blvd, Santa Monica CA",https://www.yelp.com/biz/el-dorado-mexican-food-temecula,4,4.1,7.8,2.5,3,2,3.5,3,3,4,3,3.8,4.5,3.5,Emily,
Tacos por favor,Carne Asada,Carne Asada Burrito,Carne Asada / Beef,Burrito,42532,Santa Monica,1408 Olympic Blvd,"1408 Olympic Blvd, Santa Monica CA",https://www.yelp.com/biz/el-dorado-mexican-food-temecula,4,4.1,5.56,2.5,2.5,3,2.5,3.5,4.5,4.5,3.7,3.3,4.5,3.5,Scott,
Tony's Fresh Mexican Food,Chile verde pork,Chile verde pork Burrito,Carnitas / Pork,Burrito,42411,Miramar,7122 Miramar Rd,"7122 Miramar Rd, Miramar CA",https://www.yelp.com/biz/tonys-fresh-mexican-food-san-diego,3,4.1,5.56,4,4,4,4,3,4,2,4,3,3,4,Chris G,
Tony's Fresh Mexican Food,California,California Burrito,California,Burrito,42411,Miramar,7122 Miramar Rd,"7122 Miramar Rd, Miramar CA",https://www.yelp.com/biz/tonys-fresh-mexican-food-san-diego,3,4.1,5.56,3.5,3.5,3,,3.5,3,4,4.5,3.5,4,3.5,Xi,
Tony's Fresh Mexican Food,battered fish ,battered fish  Burrito,Seafood,Burrito,42411,Miramar,7122 Miramar Rd,"7122 Miramar Rd, Miramar CA",https://www.yelp.com/biz/tonys-fresh-mexican-food-san-diego,3,4.1,6.47,4,1,2,2,2,3,3,1,2,3,2,Erik K,
Tony's Fresh Mexican Food,California,California Burrito,California,Burrito,42411,Miramar,7122 Miramar Rd,"7122 Miramar Rd, Miramar CA",https://www.yelp.com/biz/tonys-fresh-mexican-food-san-diego,3,4.1,7.35,3.5,3.2,3,3.5,3.5,3,3.3,3,3.8,2,3.5,Scott,
Valentines Mexican Food,California ,California Burrito,California,Burrito,42644,Downtown,1157 Sixth Ave,"1157 Sixth Ave, Downtown CA",https://www.yelp.com/biz/valentines-mexican-food-san-diego-6,4,4,6.99,3,3,4.5,2,3,2.5,4,2,2,4,2,Richard,
Valentines Mexican Food,California Chipotle,California Chipotle Burrito,California,Burrito,42644,Downtown,1157 Sixth Ave,"1157 Sixth Ave, Downtown CA",https://www.yelp.com/biz/valentines-mexican-food-san-diego-6,4,4,6.99,4,4,,3.5,3.5,3.5,3.5,3.5,3.5,5,3.7,Scott,
Valentines Mexican Food,Carne Asada,Carne Asada Burrito,Carne Asada / Beef,Burrito,42690,Downtown,1157 Sixth Ave,"1157 Sixth Ave, Downtown CA",https://www.yelp.com/biz/valentines-mexican-food-san-diego-6,4,4,8.5,3.8,4,4.5,3,4,3,2.5,3.5,3.5,3,4,Scott,
Valentines Mexican Food,Pork california,Pork California Burrito,Chicken,Burrito,42690,Downtown,1157 Sixth Ave,"1157 Sixth Ave, Downtown CA",https://www.yelp.com/biz/valentines-mexican-food-san-diego-6,4,4,8.5,4,4,4,3.75,4,3.5,3.5,4,5,3.5,4,Emily,
Valentines Mexican Food,California,California Burrito,California,Burrito,42690,Downtown,1157 Sixth Ave,"1157 Sixth Ave, Downtown CA",https://www.yelp.com/biz/valentines-mexican-food-san-diego-6,4,4,6.75,4,4,4.5,3.5,3.5,4.5,4.5,3,3.5,4,3.9,Scott,
Valentines Mexican Food,California,California Burrito,California,Burrito,42690,Downtown,1157 Sixth Ave,"1157 Sixth Ave, Downtown CA",https://www.yelp.com/biz/valentines-mexican-food-san-diego-6,4,4,7.9,4,4,5,5,5,5,5,5,4,3.5,4.8,Simon,
Valentines Mexican Food,California,California Burrito,California,Burrito,42690,Downtown,1157 Sixth Ave,"1157 Sixth Ave, Downtown CA",https://www.yelp.com/biz/valentines-mexican-food-san-diego-6,4,4,8.35,4.5,3,3,4,3,4,2.5,4,4.5,4,4.1,Scott,
Valentines Mexican Food,Carne Asada,Carne Asada Burrito,Carne Asada / Beef,Burrito,42954,Downtown,1157 Sixth Ave,"1157 Sixth Ave, Downtown CA",https://www.yelp.com/biz/valentines-mexican-food-san-diego-6,4,4,25,4,3.8,4.4,4,3.8,4,4,4,4,5,4.2,Scott,Good. but just get a regular Cali.
Valentines Mexican Food,California,California Burrito,California,Burrito,42954,Downtown,1157 Sixth Ave,"1157 Sixth Ave, Downtown CA",https://www.yelp.com/biz/valentines-mexican-food-san-diego-6,4,4,7,4,4.5,5,4,4,4,3.7,3.8,4.6,4.8,4.2,Simon,
Vallarta Express,Quesaburro,Quesaburro Burrito,Vegetarian,Burrito,42450,Clairemont,4277 Genesee Ave,"4277 Genesee Ave, Clairemont CA",http://www.vallartaexpress.com/menu/,3.5,4,6.99,4,4,5,3.5,3.8,3,2.5,3.3,4,5,3.7,Scott,
Vallarta Express,Philly ,Philly  Burrito,Specialty,Burrito,42450,Clairemont,4277 Genesee Ave,"4277 Genesee Ave, Clairemont CA",http://www.vallartaexpress.com/menu/,3.5,4,7.1,3,3.5,5,4,4,4.5,4.75,3.75,4,5,4.2,Emily,
Vallarta Express,Carne Asada,Carne Asada Burrito,Carne Asada / Beef,Burrito,42450,Clairemont,4277 Genesee Ave,"4277 Genesee Ave, Clairemont CA",http://www.vallartaexpress.com/menu/,3.5,4,6.47,4,3,3,2,2.5,1.5,2.5,2.5,3,5,3.2,Scott,
Vallarta Express,Quesa,Quesa Burrito,Vegetarian,Burrito,42450,Clairemont,4277 Genesee Ave,"4277 Genesee Ave, Clairemont CA",http://www.vallartaexpress.com/menu/,3.5,4,8.94,3.5,2.5,3.5,3.5,3.5,3.5,4,3,3.5,4.5,3.8,Emily,
Vallarta Express,Surf and Turf,Surf and Turf Burrito,Seafood,Burrito,42450,Clairemont,4277 Genesee Ave,"4277 Genesee Ave, Clairemont CA",http://www.vallartaexpress.com/menu/,3.5,4,5.99,2,2,2.5,4,3,4,3.5,3,3,5,3.8,Scott,
Vallarta Express,Mahi,Mahi Burrito,Seafood,Burrito,42450,Clairemont,4277 Genesee Ave,"4277 Genesee Ave, Clairemont CA",http://www.vallartaexpress.com/menu/,3.5,4,6.99,3.5,4,4,4,4.5,4,3.5,4,4,4,4.3,Nuttida,
Vallarta Express,Fish,Fish Burrito,Seafood,Burrito,42475,Clairemont,4277 Genesee Ave,"4277 Genesee Ave, Clairemont CA",http://www.vallartaexpress.com/menu/,3.5,4,8.5,3.5,3.5,4,4.5,4,3,4,3.5,4.5,5,4.3,Scott,
Vallarta Express,California,California Burrito,California,Burrito,42475,Clairemont,4277 Genesee Ave,"4277 Genesee Ave, Clairemont CA",http://www.vallartaexpress.com/menu/,3.5,4,8.5,3.5,4,4,4,4.5,4.2,4.5,4,4.5,4.8,4.5,Emily,
Vallarta Express,California,California Burrito,California,Burrito,42499,Clairemont,4277 Genesee Ave,"4277 Genesee Ave, Clairemont CA",http://www.vallartaexpress.com/menu/,3.5,4,6.85,3.5,3,4.5,3.8,3.8,4,3.5,3.5,4,3,4.1,Scott,
Vallarta Express,California,California Burrito,California,Burrito,42810,Clairemont,4277 Genesee Ave,"4277 Genesee Ave, Clairemont CA",http://www.vallartaexpress.com/menu/,3.5,4,6.85,3.5,3,4.5,4,4,4.5,3,4,4,3.5,4.25,Sage,
Vallarta Express,Surf and Turf,Surf and Turf Burrito,Seafood,Burrito,42910,Clairemont,4277 Genesee Ave,"4277 Genesee Ave, Clairemont CA",http://www.vallartaexpress.com/menu/,3.5,4,11.5,3.5,2,2,4,3.5,3,4.5,3.5,4,2,3.5,Scott,Maybe a little better than chipotle. Or at least more authentic.
Vallarta Express,California,California Burrito,California,Burrito,42910,Clairemont,4277 Genesee Ave,"4277 Genesee Ave, Clairemont CA",http://www.vallartaexpress.com/menu/,3.5,4,7.89,4,4,3,4,4,3,4,3.5,4.3,4.5,4.2,Scott,
Vallarta Express,California,California Burrito,California,Burrito,42956,Clairemont,4277 Genesee Ave,"4277 Genesee Ave, Clairemont CA",http://www.vallartaexpress.com/menu/,3.5,4,7.89,5,5,5,5,5,4,4,5,5,3,4.5,Ben S,
